<?xml version="1.0" encoding="utf-8" ?>
<kml xmlns="http://www.opengis.net/kml/2.2">
<Document id="root_doc">
<Schema name="lfieemgs" id="lfieemgs">
	<SimpleField name="region" type="string"></SimpleField>
	<SimpleField name="const" type="string"></SimpleField>
	<SimpleField name="population" type="string"></SimpleField>
</Schema>
<Folder><name>lfieemgs</name>
  <Placemark>
	<Style><LineStyle><color>ff0000ff</color></LineStyle><PolyStyle><fill>0</fill></PolyStyle></Style>
	<ExtendedData><SchemaData schemaUrl="#lfieemgs">
		<SimpleData name="region">Oshana</SimpleData>
		<SimpleData name="const">Okaku</SimpleData>
		<SimpleData name="population">21892</SimpleData>
	</SchemaData></ExtendedData>
      <MultiGeometry><Polygon><outerBoundaryIs><LinearRing><coordinates>15.9133017616268,-17.6855099399894 15.9322759184798,-17.6863941015946 15.9524211591474,-17.6873327821441 15.9525302400824,-17.6873378393955 15.9553529459871,-17.6874694479378 15.9555279631309,-17.6874776063623 15.9556172379742,-17.6874817536154 15.9557295631663,-17.6874869717732 15.9655243164879,-17.6879435886677 15.9738282725772,-17.6883303238872 15.9743800806908,-17.6883560102352 15.9746713194176,-17.6883695990307 15.9758935194431,-17.6884265688304 15.9824012874989,-17.6887297814631 15.9824862034745,-17.688733736829 15.9830118026725,-17.6887583067707 15.9898183232089,-17.68907546993 15.9992766027875,-17.6895161996375 15.9992765985625,-17.6898066548239 15.9992765981365,-17.6898096252601 15.9992762310079,-17.7080933865011 15.9992758805221,-17.7221211290434 15.9992758827119,-17.7315135294988 15.999275881173,-17.7315499777394 15.9992755225402,-17.7504941731299 15.9992755215755,-17.7507566099569 15.9992755218174,-17.7598391425478 15.9992755199851,-17.7665497206559 15.9992755174637,-17.7809418900439 15.9992751566691,-17.7942017679942 15.9992751619372,-17.7962699674771 15.9992751598502,-17.8100506820984 15.9992751564684,-17.8117877714661 15.9992751633843,-17.8121921383171 15.9992751572605,-17.814605218662 15.9992751590821,-17.8324015472361 15.9992751633004,-17.8360689599641 15.9992750967106,-17.8413962440032 15.9993286285162,-17.8413762577244 15.9993286130725,-17.8598022462224 15.9992748009149,-17.859803044312 15.9931159520826,-17.8598943178352 15.9917997511102,-17.8599137985435 15.9910888674322,-17.8599243163831 15.9891928197546,-17.8599431103344 15.9849243162809,-17.8599853517816 15.9815063480225,-17.8599853514612 15.970314856289,-17.8602255988449 15.9672851567043,-17.8602905274627 15.9659695825209,-17.8602905340129 15.9639282221933,-17.860290527386 15.9589212003507,-17.8603959489584 15.9581298829502,-17.8604125977355 15.9566630904401,-17.8604296416491 15.9423217777885,-17.8605957030194 15.9373938995403,-17.8607158967358 15.9373168941365,-17.8607177736331 15.9370373583926,-17.860721185712 15.9323120114012,-17.8607788081794 15.9323126454758,-17.8607912720688 15.9326782228209,-17.8679809568258 15.9329015298142,-17.8717133864541 15.9329219969546,-17.8720554771679 15.9329489682342,-17.8725062862578 15.9330455445524,-17.8736455141991 15.9330942027402,-17.8742194921508 15.9330986575781,-17.8744033149547 15.9331354975415,-17.8759236271207 15.9327022800775,-17.8753659341559 15.9326734922561,-17.8753288750146 15.9326639865102,-17.875316638094 15.9326435125998,-17.8752902817176 15.932526384142,-17.8751394966596 15.9322953465998,-17.874842073365 15.9320447163035,-17.8743493542247 15.9319579259301,-17.8741787314018 15.9313597766198,-17.8730028042318 15.9308461655239,-17.8719930616148 15.9301993433148,-17.8711132860294 15.9299717402803,-17.8708037096303 15.9299087728266,-17.8707180636439 15.9298356098567,-17.8706185507158 15.9293325990892,-17.8699343688869 15.9289077233571,-17.8694875713661 15.9279760698152,-17.8685078364963 15.9261814649525,-17.8668680741307 15.9247405776487,-17.8654639420182 15.9231585603871,-17.8639990614896 15.9228232283944,-17.8636997269163 15.9227251504229,-17.8636121775107 15.9225800656198,-17.863482666344 15.9216738793985,-17.8626737481231 15.9211127813052,-17.8621728704337 15.9190955995735,-17.8603721516548 15.917477040374,-17.8588456620382 15.9158357999267,-17.8572847018569 15.9132992397939,-17.8548399422684 15.9116007595821,-17.8532330820153 15.9112624069449,-17.8529160755571 15.9103267195939,-17.8520394118458 15.9099418799393,-17.8516624870166 15.9098578046434,-17.8515801401848 15.9097553866506,-17.8514798282599 15.9092422275441,-17.8509772176115 15.9092017200925,-17.8509375422927 15.9090277648815,-17.850765569532 15.908190479751,-17.8499378217436 15.9080169599136,-17.8498048920636 15.9076065598094,-17.849531202143 15.9064387204041,-17.8489069617955 15.9056179197122,-17.8484806316551 15.9034957201841,-17.847597912284 15.9033445200808,-17.8475350023082 15.9028923603574,-17.8473585115848 15.901623719528,-17.8468636023073 15.9011179280058,-17.8466863369625 15.9007082404142,-17.8465427521464 15.9003442781326,-17.8463691147873 15.8988702485481,-17.8456658796277 15.8987223287784,-17.8455953086993 15.8985832688416,-17.8455289648864 15.8982811199472,-17.8453848120667 15.8974435310306,-17.8449743938863 15.8969116215139,-17.8447265629237 15.8964995465104,-17.8445892093317 15.8931833300332,-17.8434838043317 15.8927001955643,-17.8433227536878 15.8898925779174,-17.8427124026995 15.8882048273321,-17.8423105606855 15.8882537652357,-17.8422193208596 15.8883292786286,-17.8420785330033 15.8889247201615,-17.8415167502518 15.8897217613406,-17.8411560314635 15.8901242396629,-17.8407869391056 15.8908960770046,-17.840199781873 15.8914328382047,-17.8394281212722 15.891659277876,-17.8390254589809 15.8917265972717,-17.8388408724033 15.8917591983574,-17.8385146954517 15.8917608443335,-17.838498228964 15.8917643022154,-17.8384636320021 15.8917852827655,-17.8382537127008 15.8917737425194,-17.838208384293 15.891659280512,-17.8377587976313 15.8914159178263,-17.837314291526 15.8913824372939,-17.8369871387046 15.8913963144292,-17.8369619499686 15.8914902833293,-17.8367913851818 15.8916088820255,-17.8365761118675 15.8917473028203,-17.8362531416594 15.8917633084706,-17.8362157955457 15.8917781465068,-17.8361811755268 15.8918857192581,-17.8359301803273 15.8918784308779,-17.8357863977496 15.8918857197022,-17.8357693923373 15.8918270402132,-17.8346118121636 15.8917159019885,-17.833810444846 15.8918207766399,-17.8334038912425 15.8919026402052,-17.833086538601 15.8921459970307,-17.8325581527963 15.8923389613402,-17.832189062889 15.8928422366547,-17.8315180227336 15.893404201765,-17.8305198273418 15.8935687216298,-17.8300581815438 15.8936062412994,-17.8299529009007 15.8936581669615,-17.8298071942568 15.8937479997819,-17.829555120531 15.8938653625152,-17.829144092021 15.8938642280587,-17.828987274091 15.8938487970728,-17.8268541315525 15.8938066796875,-17.8264599305541 15.8936306424296,-17.8259984968865 15.8935971607236,-17.8245054009182 15.893600616267,-17.8244987146881 15.8935971599647,-17.8243446117612 15.8939645662677,-17.823633716357 15.8941087200031,-17.82335479215 15.8944021202669,-17.8224908821795 15.8947210802432,-17.8216688216233 15.8951656798465,-17.8210984020531 15.8956354800435,-17.8206621720043 15.8962561198839,-17.8201337822244 15.8970362402419,-17.8193956017336 15.8979758399332,-17.8181625117763 15.898563,-17.8172314616676 15.899030640031,-17.8157964119276 15.8995357196433,-17.8142452615598 15.8999972396757,-17.8125172616969 15.9005761197304,-17.8112002919834 15.9023123998852,-17.8093297323123 15.9035288397535,-17.8076269320931 15.9045008397975,-17.8052714518886 15.9053662801262,-17.8031737316504 15.9066323998416,-17.7999852119197 15.9074184184011,-17.7954489577592 15.9074285035785,-17.7953907510362 15.9074627944634,-17.7951928451051 15.9075423562141,-17.7947336731221 15.9075658796223,-17.7945979016174 15.9061795198905,-17.7931237020822 15.9045940803988,-17.7918234720331 15.9039061198019,-17.7911021218621 15.9035623204504,-17.7904646520901 15.9032181599219,-17.7895921918108 15.9022954795799,-17.7882753116275 15.90130584013,-17.7870841617802 15.9000894002457,-17.7860272023298 15.898579559656,-17.7845089916283 15.896851560326,-17.7830242619847 15.895064880176,-17.7815227916162 15.8939827196414,-17.7807258417702 15.8930348403557,-17.7800883719779 15.8916258003675,-17.7793166218061 15.8897969996962,-17.7781926121338 15.8871297595811,-17.7764647018032 15.8850745199267,-17.775105792316 15.8841939602217,-17.7745270015398 15.8834138401603,-17.7739649519834 15.882792840025,-17.773453301654 15.882071760038,-17.7728912523139 15.8816937284636,-17.7725618261648 15.8814172798171,-17.7723209218969 15.8807594124383,-17.7717394919386 15.8804776799682,-17.7714904917692 15.8797900800495,-17.7707690516628 15.879422062258,-17.7704047874225 15.8789426399728,-17.7699302515713 15.877927800358,-17.7690075716991 15.8770720802553,-17.7682022521411 15.8762671201843,-17.7673382520496 15.8759851042445,-17.7667167882501 15.8760237628972,-17.7650077504398 15.8760207960501,-17.764978122376 15.8760237595533,-17.7648469620181 15.8759481603975,-17.7640920420024 15.8751597595296,-17.7622046522682 15.874664760432,-17.7606696120806 15.8744131199362,-17.7597385620295 15.8738511596109,-17.7592269119313 15.8733982800941,-17.7591178315997 15.8714100003158,-17.7590087521943 15.8699088000144,-17.7580608718729 15.8688014399649,-17.7574989122329 15.8676354000908,-17.7570626816711 15.8664527999662,-17.7566097120391 15.8657565597031,-17.7561316319501 15.865236359693,-17.7555779520125 15.8648756403079,-17.7548482320704 15.8640703199117,-17.7537661620862 15.8634244795546,-17.7528182820227 15.8631141595647,-17.7521891816621 15.8624194229424,-17.7512650369629 15.8631759184392,-17.7500511080652 15.8640400824267,-17.7486643818823 15.8658584375691,-17.7448977026073 15.8674820429834,-17.7420402021488 15.8687809226341,-17.7404814899012 15.8722876833296,-17.7373642531608 15.8751125974409,-17.7353810065571 15.875294401642,-17.7352505971342 15.8753649573002,-17.7352064113344 15.8754423591845,-17.7351623126172 15.8768672411793,-17.7344703907989 15.8770947576615,-17.7343371877382 15.877316159091,-17.7341934593101 15.8777524767576,-17.7338939432182 15.8780476785426,-17.7337009768093 15.8782204776037,-17.7335983824116 15.8784242367832,-17.7334914595948 15.8785358395482,-17.7334399828394 15.8788447221913,-17.7333124478177 15.8791575582255,-17.7331942830946 15.8797871999219,-17.7329679327607 15.8802040765941,-17.7328102479506 15.8809924781895,-17.7324909284767 15.8817765596996,-17.7321608109024 15.8822971187887,-17.7319328405519 15.882430318123,-17.7318683130738 15.882558841434,-17.7317962201205 15.8826423592521,-17.7317446505789 15.8827514418409,-17.7316721992936 15.88289399898,-17.7315706804808 15.8830790416981,-17.7314301909198 15.8833220391265,-17.7312423600732 15.883382156263,-17.7311830496445 15.8834221166946,-17.731126533441 15.8834494779161,-17.7310787418361 15.8834822403245,-17.7310106095801 15.8835221962273,-17.7309153913381 15.8835740433708,-17.7307892129982 15.8836053574206,-17.7307218909456 15.8836665594138,-17.7306229830126 15.8837248808497,-17.7305661926332 15.8837828407879,-17.7305374828597 15.8838310819439,-17.7305288371325 15.8844063614848,-17.7305592614355 15.8849136021109,-17.7299294365465 15.8849636424233,-17.7298851585142 15.8850162005012,-17.7298514110981 15.8850698386193,-17.7298263911007 15.8851234772535,-17.7298082973602 15.8851764003311,-17.7297957011686 15.8852278774049,-17.7297870590069 15.885277562202,-17.7297816597512 15.885374759397,-17.729777342414 15.8854622404911,-17.7297785130481 15.8856195626716,-17.7297876875578 15.8858560813914,-17.7298054202553 15.8859705575498,-17.729809832558 15.8860260024229,-17.729809561809 15.8860800021686,-17.7298073098459 15.8861944772527,-17.7298013700955 15.8863953581049,-17.7297953432042 15.886696681078,-17.729788317496 15.8868471622966,-17.7297814812378 15.8869976377115,-17.729769781895 15.8871992373766,-17.7297461087679 15.8873745629862,-17.7297187515576 15.8875268417503,-17.729689317683 15.8876593221806,-17.7296591716532 15.8877741618394,-17.729629112584 15.8879728776404,-17.7295679994652 15.8881197633413,-17.7295145432944 15.888174122829,-17.7294923116517 15.8882281165554,-17.7294700788252 15.8884866002754,-17.7286678198827 15.8901307197797,-17.7276963599137 15.8919526826491,-17.7264817191433 15.892559996943,-17.7252313469264 15.8931673220053,-17.7245882995115 15.8940601190351,-17.7239096076344 15.8949532833765,-17.721873357206 15.8957035204476,-17.7205515292665 15.8967752430042,-17.7189439481355 15.8973469206566,-17.7178722330825 15.8973926383123,-17.7173000106509 15.8973817348837,-17.7172756861602 15.8969552394485,-17.7163242320585 15.8967198004942,-17.7158531680497 15.8960131214552,-17.7139689316741 15.8957319602869,-17.7122919608219 15.8955055178867,-17.711461528285 15.8955126403052,-17.7113268609219 15.8955206250463,-17.7111758858648 15.8955228803373,-17.7109724611169 15.8954363736914,-17.7107485065025 15.8952873566198,-17.7103627201004 15.8945324390644,-17.7103012490003 15.8935229970028,-17.7100657174409 15.8927493630443,-17.7097965277395 15.8922255565574,-17.7096329118641 15.8917399213752,-17.7092918093777 15.8912441991656,-17.7088863599707 15.8909000412424,-17.7085508408516 15.8907240016404,-17.7080895010891 15.8902963178963,-17.7074184600678 15.8899273231098,-17.7067641616392 15.8897509186037,-17.7064956920207 15.8894240386962,-17.7060427226736 15.8894009376541,-17.7056276622288 15.8894008018279,-17.7056252268242 15.889400644795,-17.7056224082623 15.8893992078423,-17.7055965966028 15.8893965919659,-17.7054662524002 15.8893960344497,-17.70543844199 15.8893941600039,-17.7053450822615 15.8894481695283,-17.7044656712517 15.8859860402849,-17.7013067431322 15.8845550416714,-17.7004783768054 15.8844529433363,-17.7004263665871 15.8825595595984,-17.6994618302947 15.8810158772795,-17.6990476533056 15.8804611197495,-17.6988415523273 15.8796979186188,-17.6985581372335 15.8789761167172,-17.6984227831135 15.8784929994254,-17.6983322374454 15.8784929996386,-17.6981714514974 15.8785811968988,-17.6960102382798 15.8779573224844,-17.6951025030273 15.8775033595148,-17.6937975901478 15.8772473101462,-17.692348229853 15.8770493994871,-17.6913580530053 15.8767092003181,-17.6905637979139 15.8760280769463,-17.6897128535836 15.8758581564605,-17.6886916200229 15.8747799591561,-17.6870463302807 15.8743457995739,-17.6866741817103 15.8742504387278,-17.6865924349629 15.8735887197851,-17.6860251867433 15.8728510801295,-17.6866492535634 15.8711490018705,-17.6865357594744 15.8702735849676,-17.6859519735614 15.870220909261,-17.6859168454746 15.8701280384152,-17.6858549124821 15.8699242784494,-17.6859345582134 15.8700031955016,-17.6857429216008 15.8700812386648,-17.6855534074022 15.8700214776387,-17.6850732625275 15.8699469583235,-17.6844771933092 15.8701039176066,-17.6836699786512 15.8702634025227,-17.6835043775984 15.8723053048052,-17.6835996695774 15.891700316458,-17.6845037402871 15.8919717614064,-17.6845160675006 15.9063868779929,-17.6851876474908 15.9109129348059,-17.6853986156898 15.9122764806636,-17.6854621529442 15.9133017616268,-17.6855099399894</coordinates></LinearRing></outerBoundaryIs></Polygon></MultiGeometry>
  </Placemark>
  <Placemark>
	<Style><LineStyle><color>ff0000ff</color></LineStyle><PolyStyle><fill>0</fill></PolyStyle></Style>
	<ExtendedData><SchemaData schemaUrl="#lfieemgs">
		<SimpleData name="region">Oshana</SimpleData>
		<SimpleData name="const">Okatana</SimpleData>
		<SimpleData name="population">19974</SimpleData>
	</SchemaData></ExtendedData>
      <MultiGeometry><Polygon><outerBoundaryIs><LinearRing><coordinates>15.7893940835752,-17.7092750714215 15.7888252823614,-17.7095601872969 15.7871451597465,-17.710051951975 15.7858858820017,-17.7102048613824 15.7847601594322,-17.7103095288577 15.78405564199,-17.7101791204683 15.7834051182551,-17.7099189299672 15.7825918796819,-17.7095287771264 15.7819953595862,-17.7093984606524 15.7813721985207,-17.7094238404982 15.780857399604,-17.7096570306046 15.7802612379639,-17.7099420603991 15.7797194391815,-17.71040889037 15.7790689216978,-17.7106939228743 15.7782290369046,-17.7107969725251 15.7774971608012,-17.7106665630552 15.7766569222494,-17.7104321101625 15.7759250362048,-17.7102496785349 15.7753558761329,-17.7102492268321 15.774820917997,-17.7104823299901 15.774387481762,-17.7108713993996 15.7741437617951,-17.7115980571551 15.7741167583031,-17.7122730594931 15.7742798428153,-17.7130000825768 15.7742798434782,-17.7133116593508 15.7738737616586,-17.7145508674722 15.7734403207098,-17.7150697177288 15.7726274401374,-17.7154584271381 15.7715974807307,-17.7155352930964 15.7707381570914,-17.7156080073164 15.7700797199545,-17.7156637223957 15.7687790390944,-17.7158701812091 15.7677220824486,-17.7160768197872 15.7663940389366,-17.7165428429519 15.7656085167885,-17.7171391822143 15.7651477224769,-17.7178137317697 15.7647956387443,-17.7186182376168 15.7646332816612,-17.7194228430394 15.7644982775061,-17.7202016081304 15.7645796422356,-17.7208766974728 15.7648237192592,-17.7212143824044 15.765176160067,-17.7214224574519 15.7658266783928,-17.7217605926407 15.7662874828596,-17.7221244603404 15.7667216412984,-17.722747981268 15.7669927213635,-17.7234491723938 15.7672097987188,-17.7240465004222 15.7674812405176,-17.72474769327 15.7675356017272,-17.7252929111041 15.7675356034738,-17.7255006334038 15.7672119612247,-17.7261551112079 15.7668584398313,-17.7268694431001 15.7666147177274,-17.7275441680058 15.7666147174441,-17.7280415124233 15.766615078673,-17.7285047384332 15.7666424400391,-17.7291798309859 15.7668325192085,-17.7300107096137 15.7674020365328,-17.7316209032766 15.7679449202101,-17.7335685016357 15.7685144374902,-17.7348411872039 15.7689215983075,-17.7358540496132 15.7691026804054,-17.7363168274939 15.7691656817067,-17.7364773921825 15.7694097622247,-17.7369448495836 15.7697351984431,-17.7375098688709 15.7701693591107,-17.7382890891204 15.7706031626485,-17.7392241018147 15.7706305179112,-17.7400808977219 15.7702784366684,-17.7410411094243 15.769709996037,-17.7423126328936 15.7690054813331,-17.7432466486635 15.7686534002061,-17.7439472067874 15.7681659617925,-17.7455823299114 15.768037078732,-17.7461862324478 15.7679222392512,-17.7467244308142 15.7678844362751,-17.7468490794066 15.7675975177112,-17.7477885034972 15.7675435202008,-17.7485153409955 15.7675485565402,-17.7486750875056 15.7675543176062,-17.7488537394511 15.7674419995122,-17.7496291793183 15.7672717164038,-17.7503495429911 15.7672447183341,-17.7510922176131 15.767213397069,-17.7519629705187 15.757689242509,-17.7516161070033 15.7459741163444,-17.7511893293206 15.7380238768703,-17.7508997109306 15.7353051632081,-17.7508007083506 15.7353048024502,-17.7505087493998 15.735305156674,-17.7491993383868 15.735305163611,-17.7488009080684 15.7275637225784,-17.7488008186156 15.7183984801745,-17.7488008221595 15.6888557979054,-17.7488007331589 15.6883867174819,-17.7488007328097 15.6873113976591,-17.7488007311938 15.6702910259519,-17.7488006858313 15.6693117569339,-17.7488006386828 15.6689493523185,-17.7491927023114 15.6681916193314,-17.7500124331327 15.6684118658902,-17.750707102917 15.668744376742,-17.7517558560606 15.669012066162,-17.7535404512878 15.6690418090749,-17.7547599257048 15.6681792548621,-17.7569906700935 15.667524903107,-17.7581506576381 15.666067482606,-17.7600244830173 15.6637772517511,-17.7610357537496 15.6607731821441,-17.7617495920326 15.6594942219305,-17.7616306186507 15.6587506408037,-17.7610654971327 15.6583159376447,-17.7606961634623 15.6579746960576,-17.7610653253806 15.657590099572,-17.7614813909027 15.6572979834869,-17.7617974085932 15.6577406406357,-17.7754419905144 15.6580276795663,-17.7835841072056 15.6581251693996,-17.7847064064997 15.6565016375548,-17.7850054791079 15.656500974718,-17.7850056028302 15.6559551006457,-17.7851061556787 15.6549983455578,-17.7852873193846 15.6527380689399,-17.7857152975769 15.6524868660806,-17.7857684938694 15.6524075877415,-17.785785282792 15.6521665832592,-17.7858363194798 15.6514414121087,-17.785989884377 15.6479709357611,-17.7866584996568 15.6467278106946,-17.7868979960284 15.6464554837495,-17.7869504610991 15.6459583581945,-17.7870632850265 15.6450298213309,-17.7872740157754 15.6445529110934,-17.7873758281425 15.6440739878208,-17.787478069799 15.6437517972661,-17.7879076582615 15.6432573181968,-17.7884405961171 15.6427852249253,-17.7889494084635 15.642342079562,-17.7893925533248 15.6421422197898,-17.7896148319538 15.6418723501576,-17.7899482000835 15.6412279679864,-17.7903133499137 15.6406050659309,-17.7908288550574 15.6403580527727,-17.7909899505411 15.6399766324526,-17.7910662354148 15.6394988776161,-17.7911617859653 15.6388119829627,-17.7912527833117 15.6385047611406,-17.7912934822143 15.6377921990826,-17.7911313968891 15.6370072675618,-17.7910114305448 15.6367459345118,-17.7909697055701 15.6357292431717,-17.7908073757467 15.6347304519227,-17.7907321979061 15.6337531388348,-17.7906033221705 15.6327113883309,-17.7905711028369 15.6311541325315,-17.7905818423243 15.6296505745854,-17.7907107189893 15.6285804147531,-17.7907582659183 15.628381922687,-17.7907872694427 15.6278282395049,-17.7908681709644 15.6270873583083,-17.7909855305218 15.6250281612522,-17.7910466428788 15.6240714320475,-17.7911849783378 15.6234554014389,-17.7912740482858 15.6230686788064,-17.7913299623586 15.6185177699629,-17.7917673498276 15.614988272317,-17.7921487884136 15.614997497905,-17.7923702069273 15.6151451099693,-17.7926193029285 15.6150713042479,-17.7928130445865 15.6149052404033,-17.7929975599281 15.6147391756649,-17.7931543978204 15.614739175624,-17.7932817765266 15.6147391761117,-17.793495752411 15.6147114985151,-17.7937263970576 15.614591563105,-17.7940862025128 15.6139918877216,-17.7940400731217 15.6138442746936,-17.7945751688214 15.6137058884139,-17.7949349738273 15.6136136305109,-17.7954700693692 15.6135675014431,-17.795903681106 15.6128663420662,-17.7955346498231 15.6123127949595,-17.7955161986114 15.6119345387949,-17.7960328423195 15.6115747333817,-17.795811423277 15.6111872496572,-17.7955807786359 15.6107997677313,-17.7954054886672 15.6104584136604,-17.7953501338404 15.6099971246756,-17.7953409081653 15.60977570526,-17.7954608438404 15.6094620289107,-17.7956638110598 15.6090284168546,-17.7959036813837 15.6086132567932,-17.7961343254753 15.6084748706031,-17.7961989057493 15.6082978980897,-17.7959481944237 15.6081427426519,-17.7957283911193 15.6064451987935,-17.7965402597823 15.6050059764651,-17.7972783222045 15.6042045309656,-17.797737592297 15.6032949337473,-17.7982588363551 15.6027833497123,-17.7984848855421 15.6022479710229,-17.7989131885303 15.6016650036913,-17.7995556429906 15.6011296241495,-17.800305173327 15.6002611217262,-17.801256957389 15.5996781533172,-17.8018518226221 15.5990475966191,-17.8025061741399 15.5980363248847,-17.8018280278563 15.5971797194984,-17.8012688548573 15.5968109031297,-17.8015900819084 15.5961684483829,-17.8019707958396 15.5940031387805,-17.8031486289992 15.5923375165457,-17.8041361054078 15.5911358883422,-17.8048023540399 15.5906124068982,-17.805087889226 15.5902957219305,-17.805343797816 15.5894345736005,-17.8060396737124 15.5892637674043,-17.8061844404777 15.5892033552653,-17.8062356415867 15.5891455299561,-17.8062846509716 15.5889466787271,-17.8064531867625 15.5878974238545,-17.8073424654124 15.5876948719304,-17.8075998889447 15.5875182794509,-17.8078243180843 15.5870653720846,-17.8083999156193 15.5870643270159,-17.8084012621075 15.5870632790899,-17.808402612188 15.5864997191239,-17.8091301214462 15.5854774827865,-17.8104520779383 15.5846127606553,-17.8114322697376 15.5840374770206,-17.8119078291183 15.5835496769229,-17.8123013076448 15.5829988812024,-17.8126318826059 15.5823908373446,-17.8129073725238 15.5810325579715,-17.8133783429456 15.5800558762506,-17.8136469884786 15.5793319222617,-17.8138200565484 15.5785132790854,-17.8140403818668 15.5778681585921,-17.8142765379994 15.5770498799091,-17.8146070196055 15.5759245217087,-17.8151027416895 15.5747991588445,-17.8156063795986 15.5737605577716,-17.8160549386793 15.5729185188798,-17.8163775876111 15.572026081281,-17.8167354333521 15.570637196791,-17.8174724389741 15.5693537975757,-17.8182740695492 15.5685384012892,-17.8187997575311 15.567735962269,-17.8193306683171 15.5671185625484,-17.8197731969545 15.5666249996175,-17.8202751305023 15.5661930011965,-17.8207474529099 15.5651515185005,-17.8218702887989 15.5647267165492,-17.8224525929737 15.5640027582434,-17.8231608008975 15.5633965195767,-17.823396868068 15.5629324794821,-17.8234834510103 15.5624893196695,-17.8236613785969 15.561933841813,-17.8241040011881 15.5614708833725,-17.8245763185633 15.5606583604832,-17.82566324844 15.5598667186616,-17.8269686999809 15.5591265568484,-17.8282684823507 15.5585095214608,-17.8292135701649 15.5579353233573,-17.8301722518714 15.557534277057,-17.8310064595787 15.5568653965482,-17.8325566198382 15.5561648380764,-17.834209198954 15.5557555169093,-17.8351849769642 15.5553717589223,-17.8361493266416 15.554878562939,-17.8373015971374 15.5544573631223,-17.8385372063929 15.554200317877,-17.8393997667325 15.5539850438883,-17.8400717109928 15.5537071197504,-17.8405225226109 15.5527196422192,-17.8420287566227 15.5521335629477,-17.8430921973734 15.5516094015803,-17.8441558197614 15.5512936797827,-17.8451710179497 15.5509005615801,-17.8465795179041 15.5505614381509,-17.8475542197519 15.5500063164595,-17.8492977929034 15.5496729609356,-17.8504669805652 15.5494681172902,-17.8514585081475 15.5492557183431,-17.8524578674363 15.5491243205988,-17.8532163911089 15.5490040835458,-17.854134032507 15.5489911233708,-17.8551724514288 15.5488989573154,-17.8564732219542 15.5486836769403,-17.8578033297479 15.5485004393145,-17.8606339215468 15.5483114398091,-17.861790691087 15.5480201997492,-17.8628058896532 15.5476688433212,-17.8646241604783 15.5475147587474,-17.8656587128207 15.5473300804287,-17.8666637408933 15.5472069594425,-17.867432247013 15.5468948362963,-17.8685739912332 15.5464055971963,-17.870032708957 15.5459977233829,-17.8711944299883 15.5454706822429,-17.872618772428 15.5453054389661,-17.8737755412911 15.5450772031447,-17.8752863708502 15.5448961186671,-17.8763802319726 15.5447730024692,-17.8772664577882 15.54471324282,-17.8805778307958 15.5445973226427,-17.8817234399868 15.5444713222596,-17.8843438790886 15.5441959185179,-17.8861931128781 15.5440148413389,-17.8878613497958 15.543904679237,-17.889144026954 15.5437315183733,-17.8902299729138 15.5434798834916,-17.8915834784283 15.5429600366999,-17.8932810604769 15.5426299217846,-17.8943692478664 15.54212628163,-17.8954787675529 15.5417720397569,-17.8965647089287 15.5413472396966,-17.8981542895976 15.5408907587939,-17.8996652108355 15.54064740037,-17.9006096719705 15.5404313980701,-17.901585001962 15.540221879288,-17.9025217173404 15.539938196549,-17.9035060501321 15.5398150786437,-17.9041858167941 15.5398154400993,-17.9046884676602 15.5398158023592,-17.9053611277895 15.5399403623903,-17.9069282983302 15.5400029983359,-17.9083475992126 15.5399417972181,-17.9095302024538 15.5398496382846,-17.9104761870793 15.5396955585852,-17.9112446069079 15.5395170023424,-17.9120859327112 15.5393568031484,-17.9128406684457 15.5391717616901,-17.9137864768133 15.5389867239192,-17.9143775090268 15.5387710766334,-17.9149979717156 15.5383081207845,-17.9161503281587 15.5378455197801,-17.9174574004456 15.5375855982226,-17.9182836896978 15.5373260400578,-17.9191965577049 15.5371291164381,-17.9201093389479 15.5369012419821,-17.9211323667009 15.5367435572468,-17.9219648707158 15.5367129587004,-17.9224970372711 15.5366834411088,-17.9250101116271 15.5366218777628,-17.9255421894358 15.5364983971128,-17.9259559218131 15.5364372002835,-17.9266653897442 15.5363450382389,-17.9278182874113 15.5362845577334,-17.9301539724699 15.5362478425131,-17.9316771293379 15.5361772818584,-17.9329518924413 15.5360041176163,-17.9341479918122 15.5359411231769,-17.9347143612251 15.5358241164994,-17.9353198804294 15.5356700405509,-17.9362953000112 15.5356088403887,-17.9370048631571 15.5354687972854,-17.9381691916727 15.5352250810049,-17.9394597024327 15.5351149193525,-17.9399869218847 15.5350598390977,-17.9407266309953 15.5350598415036,-17.9415608414616 15.5350861231292,-17.9421484522098 15.5353431610858,-17.9432369075247 15.5354925573774,-17.9442677726232 15.5355004772754,-17.9452593013837 15.5353193972029,-17.9462114975277 15.5348729968929,-17.9474330684841 15.5346879584991,-17.9480537105041 15.5344064378191,-17.9489342724336 15.5340918033851,-17.9499572076287 15.5338714831008,-17.9506811712664 15.5337062420999,-17.9514523765989 15.5332339182781,-17.9534747733188 15.5329272027116,-17.954600039952 15.532667639473,-17.9555286627286 15.5323447192262,-17.9564807713569 15.5319357617853,-17.9572992273155 15.5314792790072,-17.9580703510268 15.5308338016646,-17.9591091299072 15.5300626798015,-17.9602423175477 15.5291324375544,-17.9614303231845 15.5281348807337,-17.9628076814861 15.527292842787,-17.9639958574871 15.5266239621936,-17.9650582213476 15.5258607596221,-17.9662385697007 15.525026640113,-17.9673639301972 15.5241529231029,-17.9685836134357 15.5231377202595,-17.9699292882467 15.5218395573805,-17.9717627678335 15.5206512029634,-17.973407426685 15.5197540772545,-17.9746192807369 15.5183140773291,-17.9763033599545 15.5177553590665,-17.9770194031089 15.5172596386179,-17.9777276105745 15.5168791180513,-17.9783134217957 15.516488520734,-17.9789867122618 15.5159139577886,-17.9797893322476 15.5146625999629,-17.9816544012894 15.5141827209628,-17.9824097672862 15.5135609993351,-17.9833068925479 15.51312036075,-17.9839286122037 15.5126167180299,-17.9846839825587 15.5121523171112,-17.985289947761 15.5116047625111,-17.9859279593005 15.5111234377438,-17.9866084483307 15.510469317522,-17.98747290189 15.510200043089,-17.9878591824306 15.5098922378654,-17.9881901093286 15.5095840821543,-17.9886131098127 15.5088914414315,-17.9897536799451 15.507506163116,-17.9921038499464 15.5064628788846,-17.9938123186287 15.5059437595301,-17.9946464416282 15.5054714389063,-17.9954648097813 15.5051589617206,-17.996003823352 15.5044486798035,-17.9973219589634 15.5041178418322,-17.9979672632871 15.503889958153,-17.9984708089189 15.5037798017005,-17.9989430380954 15.5035277991331,-17.9997614103023 15.5034334768183,-18.0003201294137 15.5033611225975,-18.0007777817243 15.5031919198583,-18.0016588777169 15.5028056399697,-18.002987911401 15.5022843630897,-18.0047347200881 15.5019146389568,-18.005985900232 15.5014268392863,-18.0074339131706 15.5008760374789,-18.0093224679945 15.5005840818416,-18.0101324719045 15.500015641416,-18.0097798477197 15.4992952804496,-18.0092237394455 15.4986519609946,-18.0085824914799 15.4978938038586,-18.0081400502125 15.4973095169062,-18.007696980936 15.4967831985123,-18.0071422190187 15.4961384436148,-18.0063094503149 15.495669721113,-18.005643093203 15.49469087982,-18.0053012688989 15.4935338414083,-18.0050652034979 15.4926054009318,-18.0050967029095 15.4917792020794,-18.0050888681964 15.4910552397831,-18.00506519863 15.4898510400896,-18.0048873621765 15.4888610397738,-18.0046686567497 15.4879869630048,-18.0042823807056 15.4870549227243,-18.0040077003274 15.4856574021713,-18.0036235834733 15.4846677600673,-18.0034048800505 15.4839092398473,-18.0029623503844 15.483614759015,-18.0022952681539 15.4835521185269,-18.0015157826613 15.4832702401669,-18.0007672519938 15.4825383565961,-17.99961965873 15.4808809198509,-17.9988431400358 15.4802156421657,-17.9982958506281 15.4792616371572,-17.9977507217639 15.4785549636477,-17.9971642826978 15.4771459230613,-17.9964648012113 15.4760687975808,-17.9959995005253 15.4749092387665,-17.9955348316314 15.4736676023366,-17.9950707886674 15.47314955796,-17.9948879080013 15.47213615886,-17.9945299838119 15.470730361368,-17.9941854613835 15.4697832032156,-17.9932851870672 15.468657837893,-17.992031218843 15.466992837289,-17.9904656698844 15.465866762174,-17.9891326801712 15.4645786789624,-17.9881560889277 15.4633719618622,-17.9870604287436 15.4629932364374,-17.9862347671347 15.462732597055,-17.9848559729906 15.4623538816837,-17.9840697288023 15.4618135177995,-17.9836397992629 15.4611100837427,-17.9834083189792 15.4608310784348,-17.9833807765206 15.4596240004099,-17.9832616210026 15.4589608811017,-17.982911518757 15.4576782028318,-17.9824870786256 15.4564750784718,-17.9817464678054 15.4558925985013,-17.981237880812 15.4548064786623,-17.9797566612958 15.4534762791502,-17.9786619018469 15.4525611598166,-17.9778401981383 15.4516456808819,-17.9769790831878 15.4507726790296,-17.9762753709834 15.4497794384295,-17.9758882798861 15.4488275977929,-17.9755796701918 15.4479585619098,-17.9752705227809 15.4472950799205,-17.9748809078847 15.446960283568,-17.9743704282203 15.4467475177723,-17.9736619518299 15.4464933618113,-17.9729536514146 15.4462406368479,-17.9724032069189 15.446381761278,-17.9717627708176 15.4468065611427,-17.9712670514348 15.4472788781892,-17.9704565130415 15.4459331971533,-17.9697089678993 15.444366116594,-17.9693003722823 15.443251201909,-17.9691507914188 15.4421521216515,-17.9688189578088 15.4417208405146,-17.9686886379933 15.4404342030348,-17.9678301265509 15.4396835976164,-17.9669282423877 15.4396378780446,-17.9663044501577 15.4395889203814,-17.9656369226362 15.4391263190848,-17.964693451117 15.4388667609366,-17.9639250310457 15.4385762431014,-17.9631983727768 15.4383235182002,-17.9624377785705 15.4380167984843,-17.9620443009867 15.437158917048,-17.9615721579565 15.4360886394187,-17.9606593800828 15.4349532021847,-17.9593981197732 15.4338760814077,-17.9588931327175 15.4327982378756,-17.9585531093343 15.4318895993826,-17.9581580088443 15.4311008425297,-17.9576114414669 15.4306511988474,-17.9571496470251 15.4300924789433,-17.9568506719106 15.428988357049,-17.9566011897968 15.4278302395383,-17.9562545077111 15.4263420000894,-17.9558708414077 15.4251043177356,-17.955800997568 15.4239083982065,-17.9558096394481 15.4218560417498,-17.9557456473705 15.4201586409671,-17.9550477884892 15.4184158767464,-17.9538768924365 15.4173916801943,-17.9526563995785 15.4164866408925,-17.9516097901325 15.4154322015494,-17.9502326990044 15.414865563402,-17.9489814277081 15.4140627589526,-17.9481394777499 15.4133546398811,-17.9480607313014 15.4120481980221,-17.9481788071942 15.4107655195898,-17.9478089086705 15.4100102381432,-17.946959039044 15.4087668012944,-17.9466678925555 15.40817676325,-17.9466678915667 15.4075471210818,-17.9471715334662 15.4070434801713,-17.9477538304231 15.4058601567725,-17.9473000490542 15.4049025599963,-17.9463205791223 15.4037836779448,-17.945736843143 15.4025028021404,-17.9454698102408 15.4016330374546,-17.945042040147 15.4010512772083,-17.9445333596134 15.4006750827665,-17.9439936302564 15.4000526428629,-17.9435640594436 15.399349919165,-17.9433718211025 15.3981957632298,-17.9423148595677 15.3975286782117,-17.9414910896762 15.3967024761381,-17.9413391669677 15.3954655193295,-17.9413479898086 15.3936266419999,-17.9410256998908 15.3923752771614,-17.9401443314825 15.391478156417,-17.9388301469275 15.3914151611748,-17.9377914624358 15.3920764768604,-17.936477283144 15.3925956005292,-17.9354385876495 15.3928634428744,-17.9344942164375 15.3930830432015,-17.9332773275598 15.3921391198402,-17.9330463027544 15.3911793588718,-17.9331722089188 15.3896684396265,-17.9328102279207 15.3881733590422,-17.9327158230541 15.3861713998013,-17.9321457592948 15.3957027621254,-17.9229419117557 15.4164599084779,-17.9029073423173 15.4229141535022,-17.8967269591484 15.425000681209,-17.8946927288783 15.425129096793,-17.8945675289648 15.4253276186393,-17.8943739792065 15.4281209536145,-17.8916505253355 15.432586197247,-17.8873402487675 15.4353484790483,-17.8846743631496 15.4390093232414,-17.8811374497023 15.4416221547377,-17.8786137435633 15.4545864669855,-17.8660899884456 15.4659588545861,-17.8551017750459 15.4692529211716,-17.8519185882585 15.4700431989496,-17.8511551185595 15.4722163089113,-17.8490556732506 15.4727322666994,-17.8485571947797 15.4727452260697,-17.84854467413 15.4728624194887,-17.8484314506601 15.4728713741586,-17.848422798913 15.4728785314205,-17.8484158845096 15.472883922675,-17.848410675179 15.4728849564203,-17.8484096761401 15.4749743977317,-17.8463909687455 15.4767857189645,-17.8446410960884 15.481635839541,-17.839955248654 15.4890547194429,-17.8327876526089 15.4918911588792,-17.8300475094415 15.4993374026413,-17.8228533603327 15.5079543586997,-17.8145190863997 15.5172117603881,-17.8055657083695 15.5311113637547,-17.7921222305493 15.5353993184892,-17.7879751213735 15.5410775980913,-17.782483049392 15.5468811772739,-17.7768699729079 15.5473380007855,-17.7764281210295 15.5492217133639,-17.7746063709558 15.553278358434,-17.7706829684986 15.5603223674008,-17.7638707371367 15.5706616822731,-17.7538701588412 15.5737515588947,-17.7508815314463 15.5747804415325,-17.7498769492277 15.5773537590761,-17.7472289143918 15.5795779798426,-17.7449400175964 15.5871849611162,-17.7371111732249 15.588865182703,-17.735601839501 15.5892480404273,-17.7352579139148 15.5894976732051,-17.7350336650818 15.5954858408856,-17.7296541291688 15.59615918005,-17.7289963455165 15.5969316011001,-17.7282417610151 15.6062419202739,-17.7191445594401 15.6091312913994,-17.7163218451131 15.6100182013923,-17.715455368251 15.6256840830302,-17.7001482617843 15.6258397865272,-17.699996140521 15.6277897215886,-17.69809103845 15.6354571519185,-17.6905997819918 15.6382892268578,-17.6878325348718 15.6424723189289,-17.6837449533157 15.6431228430669,-17.6831092817718 15.6431692570433,-17.6830795121611 15.6434634006414,-17.6828908488603 15.6435688768393,-17.6827912195181 15.6444513978357,-17.6818212358422 15.6444680212398,-17.681802965012 15.6445333166528,-17.6817311976942 15.6457217927103,-17.6805699448143 15.6472158762949,-17.6791100525483 15.6473001169227,-17.6790277389079 15.6478209049917,-17.6785188589328 15.648038054965,-17.6783066764807 15.6516246517221,-17.6748023855683 15.6523014018557,-17.6741411420112 15.6533133566835,-17.6731524504641 15.6543300037203,-17.6721591581725 15.6543682975398,-17.6721614957988 15.6543919178829,-17.6721629381841 15.6552389074442,-17.6722135792014 15.6628245441593,-17.6726669558474 15.6677996202621,-17.6729641452912 15.6678649088017,-17.6729680442026 15.668733599225,-17.6730199225572 15.6718101618359,-17.6732037874856 15.6732121976703,-17.6732875855044 15.6783996009907,-17.6735975433066 15.6857797862081,-17.6740386944921 15.6870446234339,-17.6741142726278 15.6891875224616,-17.6742422990881 15.6894789261501,-17.6742597073925 15.6917520037631,-17.6743954824733 15.6923225817137,-17.6744295901718 15.6924079516539,-17.6744346930016 15.6924144414781,-17.6744350811914 15.7012271998378,-17.6749616701328 15.7112410671429,-17.6755601423644 15.7120354785596,-17.6756075983519 15.7120467348791,-17.675608248347 15.7120682386811,-17.6756094911464 15.7121663876519,-17.6756153601466 15.7175252012635,-17.6759357261175 15.7234863192472,-17.6762919271083 15.725199694208,-17.6763942744635 15.7260273156046,-17.6764437070013 15.7274694013396,-17.6765298311877 15.7298706028097,-17.6766733777573 15.7336340367131,-17.6768982866688 15.7366083963702,-17.6770760217621 15.7378424371761,-17.6771497491159 15.7492990793579,-17.6778343775244 15.749471876956,-17.6778424775377 15.7578663592218,-17.6782390195851 15.7756892416229,-17.6790808775734 15.7869558023232,-17.6796129578271 15.7983127201297,-17.6801494531162 15.7994406026539,-17.6802027284221 15.801735957101,-17.6803110907488 15.8016312017769,-17.6806609205079 15.8013702003614,-17.6811876881844 15.8011084794376,-17.6826873581931 15.8008921178185,-17.6835438881864 15.8007027603487,-17.6844524402813 15.800378400376,-17.685672299948 15.7999453197381,-17.6865287369273 15.7994852398128,-17.687566803567 15.7990791617768,-17.6886828005008 15.7985107189195,-17.6900258678127 15.7972377622289,-17.6911930778246 15.7959100798374,-17.6917890615464 15.7950701960146,-17.6922557099037 15.794727482368,-17.692476568856 15.7936615193212,-17.6931631814612 15.7928220015188,-17.6938374631479 15.7922261980201,-17.6945120075545 15.7916300382294,-17.6949528316135 15.790979877096,-17.6951859279041 15.7900381203762,-17.6954967004718 15.7890358824695,-17.6958592236299 15.7888191620403,-17.6962484730257 15.7885484379373,-17.6969232871484 15.7884674434625,-17.6978577596356 15.7885495219613,-17.6995453465698 15.7887640787046,-17.700034856744 15.7889023184421,-17.7003504930374 15.7890974373658,-17.7008067929155 15.7891464015427,-17.7009218100762 15.7892281238255,-17.7020576971615 15.7893102004526,-17.7034596280294 15.7893649193841,-17.7043164321285 15.7895820011637,-17.7054588889811 15.7898537980811,-17.7067572310273 15.7898811613809,-17.7077697319833 15.7898815179993,-17.7085225806388 15.7896921563588,-17.7089378380957 15.7893940835752,-17.7092750714215</coordinates></LinearRing></outerBoundaryIs></Polygon></MultiGeometry>
  </Placemark>
  <Placemark>
	<Style><LineStyle><color>ff0000ff</color></LineStyle><PolyStyle><fill>0</fill></PolyStyle></Style>
	<ExtendedData><SchemaData schemaUrl="#lfieemgs">
		<SimpleData name="region">Oshana</SimpleData>
		<SimpleData name="const">Okatyali</SimpleData>
		<SimpleData name="population">4502</SimpleData>
	</SchemaData></ExtendedData>
      <MultiGeometry><Polygon><outerBoundaryIs><LinearRing><coordinates>16.0107386430126,-18.0202692630843 16.01048751625,-18.0209074464832 16.0104772798853,-18.020933458784 16.0103041217894,-18.0217204232351 16.0100604009353,-18.0225702909429 16.0098753632471,-18.0233570702024 16.0096319974308,-18.0243780292388 16.0095499171148,-18.0250931701349 16.0095027583815,-18.0254914205005 16.0094952032881,-18.0255528918594 16.0095751217384,-18.0257066116325 16.0100276433881,-18.0261433774433 16.0107962092701,-18.0271316979042 16.0110651569081,-18.0274775434748 16.0114640409958,-18.0280673084972 16.0119793517712,-18.0288129709827 16.011999336,-18.0288460747844 16.0136718750089,-18.0316162109522 16.0161132696261,-18.0352172934107 16.0161217165334,-18.0352283387724 16.0172006376821,-18.0364449611187 16.0179123616161,-18.0371335517136 16.0193008788596,-18.0382469407559 16.0207127972628,-18.0391651176041 16.0217164843831,-18.039848311163 16.0241202348778,-18.0422974183392 16.0247192384597,-18.0429077150518 16.0249216265845,-18.0433574758612 16.0249366814189,-18.0433773893659 16.0256897991367,-18.0446991273104 16.0262298760112,-18.0462647164095 16.0264058414816,-18.0467748031573 16.0270599589223,-18.0488981666902 16.0273832401134,-18.0504064814429 16.0275679183607,-18.0511995597223 16.0277792368278,-18.0520950628932 16.0288632009568,-18.0559976382907 16.0291947627969,-18.0568682126406 16.0294330770986,-18.0575848833694 16.029724680355,-18.0584041522286 16.0300097975366,-18.0592854276468 16.0304342427514,-18.0611907295967 16.0308018010798,-18.0636010183631 16.0312723208606,-18.0656899172958 16.0315707608392,-18.0674919016173 16.0320754829094,-18.0695349911242 16.0326496818193,-18.0716582664538 16.0331774400011,-18.0737127890648 16.0334758813206,-18.0753082172915 16.0338333609048,-18.0796097673357 16.0338830378307,-18.0805721413832 16.0339348782672,-18.0815779810636 16.0339593613125,-18.0824724863001 16.0340371233445,-18.0833162382837 16.0341411562095,-18.0843389080315 16.0345335606122,-18.0873563383574 16.0347171590962,-18.0885711583852 16.0349273982335,-18.0898755317052 16.0351639208848,-18.0912822303791 16.0354540771646,-18.0927402312072 16.0356654021046,-18.093635732161 16.0358763609154,-18.0946079080677 16.0362183598879,-18.0965517270423 16.0366949976253,-18.0981385208724 16.0368534023514,-18.0988292721961 16.0370910030027,-18.099788758966 16.0376205561636,-18.1015546499023 16.0379717134806,-18.1028542349998 16.0381702826026,-18.1035891021761 16.0385716781973,-18.1055714411677 16.0386227980907,-18.1063384224133 16.0386201999252,-18.1063959752217 16.0385662768142,-18.1075903164425 16.0384842025436,-18.1082799020419 16.038399963612,-18.1097984697164 16.0383697425286,-18.1103491394782 16.0383300785336,-18.110778808268 16.0382363509496,-18.1120910211856 16.0380979173733,-18.1128905997148 16.0380154773119,-18.1137079823862 16.0379870378926,-18.1144745108722 16.0379315997226,-18.1152152979476 16.0377692420612,-18.1158789572634 16.0377141567939,-18.1165430699118 16.0376695220726,-18.1167713129235 16.0375244430331,-18.1175131785998 16.0374153590839,-18.1183560275308 16.037226358754,-18.1192238982575 16.0371712784029,-18.1198114167 16.037035561109,-18.1206029668135 16.0370056816778,-18.1217527222245 16.0369225162901,-18.1229150734953 16.0368641983619,-18.1247292035167 16.0366978831357,-18.1269260964344 16.0367259594517,-18.127331006592 16.036852322722,-18.1291500903214 16.0369289970785,-18.1304282673057 16.0370589608979,-18.1318855513846 16.03716300097,-18.1328826578698 16.0374200414368,-18.1367299767886 16.0374081567719,-18.1412019904193 16.0374542379537,-18.1439621073835 16.0374816008174,-18.1465957816218 16.037197203715,-18.1501323289491 16.0370319626279,-18.1519203600086 16.0370024425009,-18.152993520805 16.0368105635603,-18.1548836102329 16.036835040145,-18.155752558187 16.0367216413368,-18.1581925494218 16.036690323204,-18.1598789670549 16.0366575584338,-18.1621531818008 16.0366813161365,-18.1632777316106 16.0366125634691,-18.1640871024077 16.0365708032585,-18.1645804765627 16.0364610031162,-18.1657043088164 16.0363508386277,-18.1669049103045 16.0362144017974,-18.168041339865 16.0361319573504,-18.168807598691 16.0360725594768,-18.1710561603881 16.0360635571478,-18.1744549205793 16.0360855217087,-18.1763204430521 16.0356495588821,-18.1793721573131 16.0354846787928,-18.1802366997846 16.0351401609877,-18.1813271400207 16.0347153602979,-18.1826355584133 16.0345699216043,-18.1834555520968 16.0343542786255,-18.1841189401627 16.0341382827419,-18.1849611594151 16.0345886432883,-18.1864455315858 16.0346408419126,-18.1869569079905 16.0345548026082,-18.1876627793227 16.0343139613566,-18.188844932126 16.0341530431781,-18.1894532407587 16.0339348790876,-18.1903256074652 16.0337476819187,-18.1910795410497 16.0335334793314,-18.1917258279997 16.033120198685,-18.1925751613015 16.0325348392632,-18.1936999811258 16.0318000819584,-18.1950773384709 16.031249282696,-18.1961332191759 16.0308820815296,-18.1970055919746 16.0306498823319,-18.1978095570657 16.0300555199564,-18.1989567925105 16.029561959366,-18.199886490487 16.029194760395,-18.200666971001 16.0287814793518,-18.2015162978426 16.0280240414108,-18.2030657395207 16.0276910398473,-18.2038347928974 16.0275765616782,-18.2043397809921 16.0274847628558,-18.2047185031678 16.0273468796801,-18.2052924265933 16.0271747970361,-18.2060958584044 16.0267154380796,-18.2077256733957 16.0260613220599,-18.2096539204968 16.0254417591598,-18.2113296320398 16.0250054424036,-18.2126954729271 16.0234275591225,-18.2171453423475 16.0223490027824,-18.220487577053 16.0215677968444,-18.2227325422804 16.0213791574294,-18.2233193367725 16.0212707985345,-18.2238554731067 16.0212164424004,-18.2241107096966 16.0211350771558,-18.2246086806121 16.0209187179059,-18.2255530528812 16.020702720653,-18.2262420019819 16.0202995189475,-18.227099877992 16.019794436503,-18.2282591711141 16.0191172805751,-18.2295791096198 16.0186057181467,-18.2306013309805 16.0180041612754,-18.2315187932152 16.0170858008706,-18.2326665577354 16.0156969169515,-18.2340898214827 16.0148246376935,-18.2349267305168 16.0143422419431,-18.2354354064058 16.012644123422,-18.2369936705256 16.0117142412516,-18.2378544285912 16.0105381178194,-18.239111823213 16.0101007169061,-18.2395791907261 16.0093972806252,-18.2399720428387 16.0087809614551,-18.2404799970118 16.0077895232716,-18.2413693785047 16.0059398421408,-18.2431744228232 16.0033921193442,-18.2459725190706 16.0027750818637,-18.2467105199216 16.0022797205972,-18.2473235075285 16.0018092029701,-18.2478938423667 16.001453158668,-18.2481614119367 16.0007648386621,-18.248723820077 16.0004422768536,-18.249113520603 15.9999865188937,-18.2496222879578 15.9996380416481,-18.2499527713508 15.9993010792559,-18.2505246289653 15.9983657984485,-18.2513751294325 15.997091762737,-18.2523736829613 15.9961507223351,-18.2532345328023 15.9953817574557,-18.2539920611192 15.9947618399251,-18.2547380712483 15.9943600811639,-18.2551971609401 15.9939241211592,-18.2557021515066 15.9923858379501,-18.2568843920489 15.9913414778251,-18.2578025693882 15.9905840373066,-18.258468297358 15.9899068826493,-18.2590536588018 15.9891264015929,-18.2596275023111 15.9884647184633,-18.2602483192493 15.9879225573877,-18.2607688817362 15.9872205586634,-18.2613812420206 15.9866931630446,-18.2621411102436 15.9859929599309,-18.2632085993922 15.9854994013739,-18.2644596018962 15.9851779195387,-18.2653549220055 15.9848452805468,-18.2660205590768 15.984455039839,-18.2668469402415 15.9839845167885,-18.2678454931529 15.9834563978349,-18.2690736288337 15.9831810000408,-18.27037061893 15.9829973999296,-18.2711281470785 15.9825725973777,-18.2726546370418 15.9821251189134,-18.274158267206 15.9815494812741,-18.2756252703271 15.9811722013488,-18.27692433269 15.9808967984917,-18.2778999311979 15.9806617206798,-18.278654306875 15.9805180795478,-18.2795297376044 15.9802207206997,-18.2801300410388 15.979614477743,-18.2818823416615 15.9792645587605,-18.282524943381 15.9790741223028,-18.2831063370761 15.9788196002035,-18.2836731584328 15.9783717585257,-18.2844077408039 15.9773389205095,-18.2852570714553 15.9761908793572,-18.2859916485986 15.9752455175191,-18.2867190321713 15.9734591990321,-18.288206820614 15.9721822765049,-18.2894439600536 15.9712884032903,-18.2900870981823 15.9704294428015,-18.2905827273106 15.9694837173641,-18.2910673811238 15.9686215192984,-18.2915269167507 15.9677586010944,-18.291864061245 15.9669604821083,-18.2923541081134 15.9663855622542,-18.2926604708333 15.9660341983237,-18.2929360528336 15.9658747232796,-18.2930891415407 15.9652044033389,-18.2936555137563 15.9644383236716,-18.294145557518 15.9638317178516,-18.2946049213627 15.9631290002646,-18.2949724802123 15.9624262816823,-18.2953095327375 15.9618193181792,-18.2956158928969 15.9612119976321,-18.2958610504171 15.9607328394128,-18.2960144104832 15.9602853612135,-18.2961676815517 15.9598699238328,-18.2963209534387 15.9593587208445,-18.2965660228511 15.9587517607675,-18.2968111805079 15.9571868398738,-18.297791189053 15.9563883575979,-18.2982506427438 15.9558775174672,-18.2985875084677 15.9552388800709,-18.2990161789579 15.9549516024566,-18.2992611605376 15.9544180789529,-18.2995696781273 15.953578201504,-18.3000879927242 15.9519733181525,-18.300866673069 15.9504811196938,-18.3015897338378 15.9490465219142,-18.3022669832141 15.9473937598095,-18.3034950313478 15.9461884803355,-18.304849442739 15.9458443181961,-18.3057332420138 15.9456376800956,-18.3066284729098 15.9453622796437,-18.3076844414986 15.9452244033333,-18.3085796665215 15.9451009211293,-18.3114480615306 15.946762317137,-18.3156039907841 15.9471640790924,-18.3202294499827 15.9474510021135,-18.3216527092008 15.9475085972139,-18.3242236509717 15.94742796123,-18.3300658199944 15.9473019631962,-18.3327171308592 15.947324637477,-18.3364587901481 15.9476119172692,-18.3405563110057 15.9477037169533,-18.3431961934825 15.9477505199391,-18.3440023169982 15.9479125169163,-18.3447974673927 15.9480100810432,-18.3454704032388 15.9481969238722,-18.3462722108791 15.9483348035285,-18.3473625626596 15.9484381192623,-18.3485448017341 15.9484672785335,-18.3493700994979 15.9487595997248,-18.3506336985702 15.9493406431577,-18.3532848337417 15.9496642813281,-18.3547528237658 15.9503421585136,-18.3572911786194 15.9505037992107,-18.3579640189787 15.9505689568103,-18.3585145520789 15.9506647224814,-18.3597928224921 15.9507108010628,-18.3621457802365 15.9509631609625,-18.3635230505893 15.9511582815073,-18.3644986514208 15.9513534016838,-18.3661744481562 15.9514527630947,-18.366604651027 15.9516777585236,-18.3670938890661 15.9517756778075,-18.3678585314044 15.9518736002523,-18.368561969299 15.952134959596,-18.3708864880276 15.9522973200753,-18.3718652433586 15.9524593175143,-18.3726297907151 15.9525885601132,-18.3731191197005 15.9528139195798,-18.3737001619952 15.9533283565761,-18.3746785486344 15.9535216835733,-18.3753054864859 15.9536718017807,-18.3761026235561 15.9537506384504,-18.377232392411 15.9539122831767,-18.3779664270956 15.954199923431,-18.3790178994933 15.9545246408575,-18.3796788602407 15.9551182780711,-18.3805559086819 15.9559099232374,-18.3813478167781 15.9567019212327,-18.3821168700287 15.9574366791242,-18.382885832444 15.9578938779214,-18.38353049941 15.9581509215043,-18.3839279375308 15.9583125573058,-18.3845701800616 15.9585703171919,-18.3853346419993 15.9365044810635,-18.3853448117238 15.9359119197585,-18.3833641769705 15.935384160651,-18.3823589664491 15.9347386773869,-18.3809069094806 15.9347368798218,-18.3800689208157 15.9351433206221,-18.3791187933355 15.9364839597357,-18.3780003573989 15.9378256778387,-18.3772171824851 15.9389337568518,-18.3766016715931 15.9397491621659,-18.3755953801313 15.9398031571902,-18.3737517331178 15.9393319223477,-18.3718525466663 15.9385122036067,-18.3709593923284 15.9372251996723,-18.3698989195619 15.9358802420367,-18.3691178093711 15.934944237375,-18.3682246503157 15.9341248810364,-18.3674431805963 15.9334811974183,-18.3668849968016 15.9333631200626,-18.3663263728794 15.9332439569132,-18.3652789472992 15.9330074418501,-18.3638824226112 15.9321866404787,-18.3624304482907 15.9310169995223,-18.3615374685905 15.9295564820485,-18.3612033890022 15.928214037384,-18.3615955200167 15.9271066813532,-18.3625461028309 15.9260000417761,-18.3638319329173 15.9255345572608,-18.3646143892172 15.9243098384433,-18.3652856990198 15.922324436158,-18.3653430297915 15.9198714007866,-18.3651213584318 15.9170673623561,-18.3646205132166 15.9160741212276,-18.36434186924 15.9138104425132,-18.3640081512022 15.91199891699,-18.3633948917835 15.9103040415541,-18.3626138705121 15.9093079190739,-18.3610501219425 15.908604481295,-18.3596538587868 15.9081343170604,-18.3581457317059 15.9081307201814,-18.3564138605997 15.9084781232131,-18.3550727712843 15.9086491210561,-18.3530613610973 15.9087628783801,-18.3514969775293 15.9089349592257,-18.3499884023357 15.9097496368437,-18.3487028378401 15.9105646806488,-18.3475290602004 15.9109711172166,-18.3463555502977 15.9112587615116,-18.3443441412099 15.9113134782329,-18.3425003974685 15.9109603188958,-18.3411597607803 15.9107241623595,-18.339986698297 15.9101355586207,-18.3375987318311 15.9099573601316,-18.3362021116995 15.9100124366054,-18.3345259505262 15.910009200062,-18.3330175508969 15.9103562425319,-18.3315087866737 15.9105851974754,-18.3292739082952 15.9103476020284,-18.3273186573214 15.9097615224123,-18.3262016689235 15.9092341214483,-18.3251404822023 15.9089972421273,-18.3236321701821 15.9086437202461,-18.3219563727718 15.9086987993799,-18.3203360968988 15.9091041560916,-18.3188274327633 15.9099786017745,-18.3181004967613 15.9110283580737,-18.3176529302137 15.9126627581969,-18.3174841794633 15.9145887571712,-18.3172594525685 15.9161641164467,-18.3169232083845 15.9171555570327,-18.3163637681545 15.9179130035829,-18.3157487105495 15.9184958418195,-18.3151896279076 15.9187859989865,-18.3144631475204 15.9189015578763,-18.3138485405442 15.9182575184693,-18.3129689672621 15.9174392411109,-18.3125226599183 15.9166785603589,-18.3116292287821 15.9163837208496,-18.3102885929181 15.9166144790965,-18.3088917020905 15.9163196384657,-18.3074951707382 15.9160838425324,-18.3063780014256 15.915030841028,-18.3052612800428 15.9146783996326,-18.3043675821734 15.9144418763288,-18.302747581054 15.9144393572299,-18.3015743418522 15.9143788792839,-18.3006245709521 15.9143180420661,-18.2993396368128 15.9144901221555,-18.2979428399901 15.914371320657,-18.2970489632781 15.9132610816579,-18.2964351605993 15.91180055993,-18.2957657390071 15.9108649228308,-18.2949841821258 15.9098122784495,-18.2940909334882 15.9092848816074,-18.2929738527998 15.908229723183,-18.2908514696668 15.9076432764454,-18.2894551180671 15.9075233982247,-18.28800260863 15.908513042181,-18.2866751113874 15.9092694015122,-18.2854455292032 15.9101424027961,-18.284271656395 15.9101398793825,-18.2829308415136 15.9103123190395,-18.2817016174886 15.9108350409713,-18.2804721314191 15.9119420381498,-18.2794099479872 15.9128744433236,-18.2788506017559 15.9136883989389,-18.2771739872367 15.9136833598189,-18.2747716212869 15.9139141229404,-18.2734865111553 15.9144951567735,-18.2722011321499 15.9151931975239,-18.2711391280985 15.9155992791037,-18.270021510077 15.9162368414878,-18.2678421604855 15.9162919194294,-18.2662218902647 15.9157641583602,-18.2650490118849 15.9152385594842,-18.2648817870334 15.9134875193733,-18.2647711822941 15.9118538406494,-18.2649398372341 15.9108033615395,-18.2649405590817 15.9099271190269,-18.2646617403741 15.9086415574295,-18.2637686710345 15.9084064773067,-18.2629307710405 15.9084619188693,-18.2616457526594 15.9092755226706,-18.259871308882 15.9103234770698,-18.2586974403969 15.9115467567039,-18.2575792809274 15.9122491182926,-18.2566204185289 15.9129950374559,-18.255415229213 15.9137528376446,-18.254233081321 15.9143266769318,-18.2534755475311 15.9151546768099,-18.2526045319117 15.9152698838841,-18.2517664498182 15.915385799642,-18.25137522252 15.9153231579491,-18.2508037232161 15.9147079226872,-18.2500457397711 15.914422078861,-18.2489624984651 15.914797202621,-18.2476073671305 15.9148882796836,-18.2460720586041 15.9149797225779,-18.2446270224967 15.9156381584205,-18.243271531943 15.9162015596933,-18.2417354985187 15.9166706366896,-18.2401996510744 15.9170457564553,-18.2388445187466 15.9167602815894,-18.2378515518796 15.9160960785247,-18.2364979489783 15.9142975218332,-18.23487506744 15.9124049982299,-18.2333426421367 15.910701119789,-18.2317195784155 15.9102259198497,-18.2302753518982 15.9095631592306,-18.2295539077184 15.9083344777183,-18.2292847213632 15.9072008422598,-18.2292863419383 15.9063508821905,-18.2293778707364 15.9054994807968,-18.2287468784189 15.9050249963799,-18.2277541797034 15.9045498028367,-18.2263099485095 15.90426215817,-18.2244140089737 15.9042599993862,-18.2232400502646 15.9045407980754,-18.2219753682408 15.90567228204,-18.2209804235635 15.9068041223973,-18.2201660131739 15.9078405565299,-18.2189906122632 15.9082156812743,-18.2176354818946 15.9083071206225,-18.2162807988135 15.90820992376,-18.2148360300876 15.9066000032031,-18.2128516228537 15.9052734020071,-18.2108667564502 15.9034762833561,-18.2096952331047 15.9026652036213,-18.2085061514308 15.9015636004083,-18.2074846503624 15.9006913218309,-18.2068074897042 15.8998784391945,-18.205546137307 15.8998748419816,-18.2036497500309 15.8994939604483,-18.2022956987057 15.8989463982233,-18.2000356201924 15.8981547598827,-18.1990600214734 15.8975971191812,-18.1984376678534 15.8975935220055,-18.1966315492728 15.8977796425865,-18.1952766864669 15.8978710794818,-18.193651109629 15.8981489977042,-18.1911221985496 15.8977688426811,-18.1897680587698 15.8970103199949,-18.1884145519896 15.8959691992568,-18.1873322981037 15.8951196001107,-18.1874237401845 15.8939881224886,-18.1884185991131 15.8931403228576,-18.1895033676629 15.8925765589731,-18.1909490417008 15.8920117239686,-18.1919431789201 15.8909731237047,-18.1920347969356 15.8896504829647,-18.1918559731227 15.8885157621589,-18.19122533998 15.8869094407477,-18.1906856132995 15.8855849985483,-18.1896036295874 15.8837882402529,-18.1885222826169 15.8823701984363,-18.1877112924221 15.8814248411072,-18.1873512916629 15.8792518816681,-18.1869025500157 15.8781171634825,-18.1861814715904 15.8767002033671,-18.1859123667814 15.8750243965379,-18.1863659671203 15.8729468417215,-18.1864588485577 15.8705859584706,-18.1864617313775 15.8681303978006,-18.186464701933 15.866713440155,-18.1862857796357 15.8651067614413,-18.185655507794 15.8645390430722,-18.1851143404995 15.8630263225689,-18.1841228095625 15.861419277738,-18.1834021829516 15.8596250403019,-18.1834042470603 15.8582087965117,-18.1837671289768 15.856603916992,-18.1840399217523 15.8549986790084,-18.1841320788049 15.8539597217606,-18.1842235237679 15.8520711623701,-18.1842256829696 15.8509360821406,-18.183323787468 15.8498945979971,-18.181880096648 15.8495155223366,-18.1810677600913 15.8501743213007,-18.1797123572389 15.8509278017013,-18.1785375865592 15.8519113171294,-18.1774591198868 15.8517046833732,-18.1759211069213 15.8512798796353,-18.174876662899 15.8504479183421,-18.1742936434454 15.8494082417501,-18.1736626499515 15.8484909576371,-18.1732238995909 15.8475038404126,-18.1733501688693 15.8466690032893,-18.1733044518384 15.8450630418866,-18.173125526798 15.8441867980757,-18.1723401027351 15.8432227178324,-18.171559621412 15.8418338408158,-18.1688624124263 15.8409270033541,-18.167140802661 15.8402843962468,-18.1657863910514 15.8395154430169,-18.1646845168605 15.8383101615436,-18.1640532590486 15.8370937181682,-18.1639269908473 15.8355554369218,-18.1638008073776 15.8345456429095,-18.1640991600626 15.833339998084,-18.1652811282521 15.8325861589554,-18.1661849098235 15.8319266405424,-18.167088690275 15.8309845226834,-18.1684442719405 15.8302306770073,-18.1695286823168 15.8297597976326,-18.1704321927088 15.8291942399348,-18.1709746215909 15.8282503169997,-18.1712465097409 15.8277736798292,-18.1707447579562 15.8270508020737,-18.170629921076 15.8260773608074,-18.1707971406614 15.8255240397089,-18.1699298125695 15.8246287232787,-18.1684606522712 15.8242384805924,-18.1673703016868 15.8244224402695,-18.1663028991807 15.8245369197607,-18.1652010266048 15.8241812437958,-18.1636745387272 15.8235386427874,-18.1628252088855 15.8224021178139,-18.1621709116594 15.8217364795081,-18.1617347703596 15.8211395990022,-18.1614019506959 15.8205887980165,-18.1608165918805 15.8201639991025,-18.1599786906826 15.8195329195039,-18.1588768189741 15.819211440401,-18.1571437808977 15.8190393606489,-18.1549629936492 15.8185915197773,-18.1529314194564 15.8171000394376,-18.1515926733276 15.8154929988925,-18.1504201507034 15.8140753172647,-18.1497893392964 15.811902717989,-18.1492494284874 15.81067440205,-18.1485280780463 15.8085961216233,-18.147988080978 15.8059519216111,-18.1479000571038 15.8040633606671,-18.1478114077722 15.8012287179483,-18.1463688899313 15.7987713584827,-18.1447453805126 15.7958423964223,-18.1433931331742 15.7940470779917,-18.1426721416788 15.7918759234057,-18.1428544777701 15.789564719761,-18.142842601066 15.7882676368611,-18.1431983692313 15.7853984385333,-18.1449544512231 15.782155200839,-18.1463840110377 15.7813066791664,-18.1475586875874 15.779985837649,-18.1483724730321 15.7787586012215,-18.1485540035717 15.7771803630378,-18.1488224685174 15.7754699997819,-18.1476746978812 15.7740123617282,-18.1474221573405 15.772619880266,-18.1476552637187 15.7716136789193,-18.1476976507492 15.7702593582821,-18.1469285965237 15.7684633209011,-18.1462131909607 15.7671403231868,-18.1454012986264 15.7663846831504,-18.1450404906795 15.7655599198489,-18.1451412930173 15.7646127571606,-18.143867702639 15.7643280036833,-18.1426938292572 15.7632872417964,-18.1410689703082 15.7616794778234,-18.1389928468873 15.7607330434143,-18.1371872724691 15.7598805620882,-18.1348397973244 15.7590914399875,-18.1328111073415 15.7589193632149,-18.1304123408151 15.7598492432281,-18.1285185614178 15.760720439877,-18.1268920762674 15.7613295616973,-18.1247538612367 15.7609738824603,-18.1227222908007 15.7605033614296,-18.1209203074076 15.7601775605838,-18.1203836380225 15.759367201915,-18.11973816245 15.7593729613455,-18.1191298519395 15.7596426009237,-18.1183149016558 15.7596768024933,-18.1178213394155 15.759091436875,-18.1166735700895 15.7591605583282,-18.115560269265 15.7597344007852,-18.1144928724109 15.7607557188071,-18.1129662870771 15.761306876399,-18.1119218390205 15.7615246815231,-18.1112676286908 15.7620528025587,-18.1104756271678 15.7620758434163,-18.109947686566 15.7615477183064,-18.1092360566948 15.7611232780327,-18.1088458169669 15.7603924766619,-18.1077879619955 15.7602164429604,-18.1069865103305 15.7601246374834,-18.1050467432193 15.7601933961616,-18.102647973247 15.7606181981072,-18.1010180698139 15.7604979571534,-18.0992800771752 15.7613756375609,-18.098068317571 15.7619610018335,-18.0966680974333 15.7623973181837,-18.0950382893698 15.7635100771681,-18.092233978289 15.7637908803047,-18.0901566880256 15.7637862002274,-18.0864540000104 15.7634992799158,-18.0834740077417 15.7634020806362,-18.0811260006538 15.7639661982317,-18.0792291578835 15.765001921988,-18.0772416032294 15.7661308817402,-18.0744413429779 15.7670729986456,-18.0729957577106 15.7681094429105,-18.0713920488579 15.7692391215855,-18.0692238624157 15.7698982810456,-18.0679590880956 15.7705570771918,-18.066513691907 15.7718764795444,-18.0649775691269 15.7724420371058,-18.064345047388 15.773726163081,-18.0625857298169 15.7737610795671,-18.0625379395753 15.7741721993355,-18.0624151778436 15.7750290030388,-18.0620500515204 15.7757349588749,-18.0618242386594 15.7765996786391,-18.0615477582302 15.7780274363186,-18.0609543899483 15.7792172387061,-18.0604978221886 15.7803595215733,-18.0600413378926 15.7816450772525,-18.0597214791557 15.7829299180216,-18.0591737400123 15.7838817566177,-18.0586718114539 15.7853095197725,-18.0581696105118 15.786594361365,-18.057621777045 15.788498399098,-18.0570735877492 15.7897360809441,-18.0567080978728 15.79125924107,-18.0563424319442 15.7928774389523,-18.0558399620202 15.7947339610642,-18.0554283930231 15.7960666767959,-18.0549716380734 15.797541957227,-18.0544237171563 15.7987792824301,-18.0540581379343 15.7998261609725,-18.0535561194158 15.8005400399112,-18.0532365266896 15.8011110009556,-18.0529626613009 15.8011113616894,-18.0532360827501 15.800922362783,-18.0541019704605 15.8010177608019,-18.0544208376301 15.8011617579844,-18.0550586726601 15.8012099982354,-18.0554687126973 15.8011628413573,-18.055924378268 15.8008780792585,-18.0564714025384 15.8006408429814,-18.0571551322611 15.800499002911,-18.0578843098748 15.8002617628564,-18.058522412244 15.7999294800675,-18.0592516792669 15.7997880017302,-18.0600720273595 15.7997890833032,-18.0608466578934 15.7997422787742,-18.0614845808613 15.7998862826149,-18.062167946413 15.8000302793454,-18.0629424890841 15.8000310032776,-18.0635347789876 15.7998416407405,-18.0642184182721 15.7996529972728,-18.0654944372749 15.7996544426342,-18.0664968627147 15.7998455975894,-18.0670890630621 15.8002754369657,-18.0678633319118 15.80070492073,-18.0685008906124 15.8012766014148,-18.068773856259 15.8020866022945,-18.0689553898881 15.8028008382967,-18.068909220705 15.8035626036773,-18.0688175107915 15.8038955993982,-18.0687260729533 15.8057884829953,-18.0686789086147 15.8068836000237,-18.0684956699926 15.8074466413212,-18.0684053995575 15.8080262384526,-18.0683124292944 15.8080852788961,-18.0683072987083 15.8090738393131,-18.068220446981 15.8101210798091,-18.0679461306405 15.8112629982911,-18.0674894671096 15.81207227675,-18.0672608688805 15.8130720019875,-18.0669410993434 15.8140238392077,-18.0667579494284 15.8148331221535,-18.0664838091789 15.8158807227302,-18.0663461976139 15.8168325578404,-18.0662086801608 15.8181656367838,-18.0660251697742 15.8191182030514,-18.0660242701294 15.8197374006735,-18.0660237289995 15.820642078377,-18.0660229212256 15.8219269233886,-18.0655659919876 15.8228787591847,-18.0652005881532 15.823973516614,-18.0648351011755 15.8246395170739,-18.0644698798816 15.8254009192098,-18.0640134892814 15.8257335615566,-18.0637398009804 15.8262091220635,-18.0633293094089 15.8268751209553,-18.0627818367697 15.827588277605,-18.0621432909478 15.8282546416523,-18.0619147802543 15.8291118003806,-18.0619139668514 15.8299685988228,-18.0617764463002 15.8307775207272,-18.0614566779033 15.8313967178774,-18.0613649692154 15.8320036774223,-18.061273170967 15.8326696766862,-18.0609080377277 15.8336694017575,-18.0608615104996 15.8344315218318,-18.0608606974148 15.8355262795785,-18.0607684537175 15.8366689178518,-18.060539488027 15.8375257224491,-18.0603107983935 15.8384296770682,-18.0598997715569 15.8388839988773,-18.0598268681953 15.8392864824196,-18.0597622503532 15.8400485989222,-18.059761442835 15.8410015225794,-18.0602161233425 15.8419072775592,-18.0607164319221 15.8429080777695,-18.0612621894981 15.8436705574975,-18.0616258806647 15.845052241348,-18.0621256467923 15.8459576400192,-18.0623525397895 15.8471960430611,-18.0626246089515 15.8486248790401,-18.062850872084 15.8497207230215,-18.0631686576896 15.850531082931,-18.0636234279025 15.8511031204248,-18.0639417611748 15.8520078001345,-18.0640774798478 15.852626999883,-18.0639856822333 15.8534359195274,-18.0636202795393 15.8541494388643,-18.0632549677242 15.8545299623179,-18.0630722692127 15.8559105596071,-18.0628429497275 15.8566719600565,-18.0626142625219 15.8575287632514,-18.0624310203525 15.8585284805849,-18.0621565186086 15.8598968412252,-18.0618360299329 15.8605631989352,-18.0616985970198 15.8615150408664,-18.0613785625257 15.862752363471,-18.0609214527138 15.8635609201696,-18.0604193435668 15.8645127638059,-18.060236008828 15.8653695605383,-18.0600071376833 15.8663685603535,-18.059550392497 15.8674629576567,-18.0590934576462 15.8687485229692,-18.059000849853 15.8694148772887,-18.0587266212919 15.8701755620712,-18.0581334301259 15.8706406784304,-18.0577148394259 15.8709362419261,-18.0574489805925 15.8715071973474,-18.0572204674896 15.8724118792201,-18.0572194771866 15.8734594797941,-18.0571725881246 15.874220879865,-18.0569438969938 15.8751244832109,-18.0563959817386 15.8758855171096,-18.0558938710619 15.8767415989598,-18.0554372073754 15.8775984025381,-18.0552083423002 15.878217239686,-18.0551164519046 15.8792648408925,-18.0551151917228 15.8799790818539,-18.055114292105 15.8809780766476,-18.0547029907379 15.8811685187798,-18.0546115463131 15.8817279599005,-18.05461091998 15.8824900777629,-18.0547921835872 15.883632718934,-18.054790740976 15.8846324395581,-18.0546984019328 15.886203478529,-18.0545141708626 15.8873457618941,-18.0542393125303 15.888487678429,-18.0538277425261 15.8893437633242,-18.0533254481456 15.889819323574,-18.0529603227232 15.8907711578761,-18.0526401866539 15.8913921607958,-18.0524644185157 15.8915800830815,-18.0524113200901 15.8923411227623,-18.0520913680146 15.8932929589424,-18.0518167782327 15.8942448014743,-18.0514510182843 15.8955303573262,-18.0514493109655 15.8968159202299,-18.0514476014537 15.8982436826947,-18.0511722915892 15.8992430388014,-18.0508064393062 15.9006236402082,-18.0507591035198 15.9017187566555,-18.0507575704876 15.9026713168167,-18.0508474823991 15.9040044022761,-18.0507545128461 15.9050037577717,-18.0504797414918 15.9059073562993,-18.0500684412593 15.9068588383694,-18.0496115110781 15.9079536015597,-18.0494277272601 15.9083348425192,-18.0496550678598 15.9088589966597,-18.0497454307061 15.9093349229462,-18.049653629364 15.910000919326,-18.0493793982613 15.9108094796435,-18.0489225570273 15.9113325625629,-18.0485573409195 15.9121411226819,-18.0481916731161 15.9124737591887,-18.0479178882419 15.9130324772976,-18.0475069504873 15.913650962966,-18.0472327216857 15.9143644774271,-18.0469583081313 15.9152684377151,-18.0466837229303 15.91617923895,-18.0464748274927 15.9162677999012,-18.0464544011043 15.9174097207124,-18.0459971985677 15.9180757183344,-18.0456317108534 15.9188367607948,-18.0454028373053 15.9201698387554,-18.0453097817587 15.9211224002211,-18.045536222643 15.9228849623901,-18.0458982035056 15.9242666369461,-18.0463518011432 15.9252199180041,-18.0467149511828 15.9260767196065,-18.0467136882453 15.926933877854,-18.0467579677472 15.9284577609843,-18.0468468023427 15.9300766817545,-18.0468444616732 15.931076758961,-18.047025180137 15.9321718832294,-18.0470235574265 15.9329336399543,-18.0468857701037 15.9338858415073,-18.0468843315474 15.9348855612025,-18.046882798703 15.9366956420317,-18.0471989736343 15.9373454423967,-18.0472623291369 15.9380766003636,-18.0473335235125 15.9392199591424,-18.0475595967865 15.9407442005739,-18.0478306836649 15.9415063199588,-18.0480117567068 15.9428761215706,-18.0483285583523 15.9440187619205,-18.0483267637482 15.9448291176744,-18.0486900015116 15.9460196362181,-18.0487792780901 15.946971837514,-18.0487777484078 15.9485428836057,-18.048775323643 15.9493996780115,-18.0486372590926 15.9503993991042,-18.0485445627916 15.9513991209113,-18.0484517718383 15.9521608831314,-18.0484505998289 15.9524946008493,-18.0485867684091 15.9526616430999,-18.0486664189446 15.9532570839028,-18.0489500085437 15.9534486003627,-18.0493142394295 15.953782680551,-18.0497237430171 15.9541167617798,-18.0501333282939 15.9543557980968,-18.0504518373167 15.9545948388,-18.0509071478402 15.9546106780904,-18.0509632192945 15.9549807616137,-18.0508075174544 15.9554203191666,-18.0506073594368 15.955720920558,-18.0504739769966 15.9560679582376,-18.0503182794511 15.9562709967,-18.0502067701589 15.9563919593309,-18.0501404397964 15.9568542016858,-18.0498959077597 15.957224283451,-18.0496959278453 15.95764044048,-18.049340700218 15.9583568388798,-18.048741211497 15.9588881985677,-18.0482306373393 15.9595815588496,-18.0476311496207 15.9599977183608,-18.0473202930035 15.9605758781545,-18.0469646986296 15.9612001229513,-18.0466091982819 15.9618243608511,-18.0462092369353 15.962704921937,-18.0455581819265 15.9632672376849,-18.0450531872336 15.9638410797062,-18.0445251576453 15.9644361617949,-18.0440775872998 15.9651838773658,-18.0435495622007 15.9657350379191,-18.0432052172964 15.9664244379956,-18.0427889717362 15.9671185216231,-18.0424775676397 15.9680142025152,-18.0419275831042 15.968754359405,-18.0415939489536 15.9692864410202,-18.0413271017615 15.9698552427982,-18.0409671015102 15.9704521186273,-18.0405883827507 15.9715656033402,-18.0398422807956 15.9735635979137,-18.0385942526214 15.9740262023991,-18.0383053507019 15.9746965181629,-18.0378831609975 15.9751357175084,-18.0376164917458 15.975713883448,-18.0373052664217 15.9765004816427,-18.0369493219556 15.9771481173905,-18.0366601535345 15.9782353168609,-18.0361928684131 15.9790445970193,-18.0358590628075 15.9800626830758,-18.0354362397029 15.9809644789501,-18.0350136927347 15.9815660385863,-18.0347245199201 15.9819127209304,-18.0344801685095 15.9824401185104,-18.0341820880794 15.9832727971386,-18.0335754902208 15.9847649984749,-18.0325998874745 15.9860390415373,-18.0318768301306 15.9870258029543,-18.0313029914157 15.9895353575549,-18.0295305300232 15.9911233224622,-18.0283761891902 15.992477640516,-18.0274235400719 15.9944403631051,-18.0260691290658 15.9952323621,-18.0254493883414 15.9963227977859,-18.0246344406901 15.9973671579575,-18.0240606030382 15.9989054364761,-18.0236129399528 15.9992956784569,-18.0234407732004 15.9999998373336,-18.0230663701841 16.0004786385625,-18.0227465127307 16.0010461350307,-18.0222991829586 16.0020262886197,-18.0217025652394 16.0029223212163,-18.0212829318196 16.0032622568605,-18.021089423216 16.0037488793476,-18.0208124126212 16.0044721188458,-18.020169627591 16.0048965573306,-18.0198941378859 16.0054819213539,-18.0199630792502 16.0058793584464,-18.0201677403008 16.0059399516251,-18.0201911746528 16.006388757745,-18.0203647490618 16.0068477576463,-18.0204910190637 16.0079266813491,-18.0204335973308 16.0085561324521,-18.0200705319407 16.0088219982054,-18.0199171806582 16.0096482024806,-18.0192169833593 16.0104862781823,-18.0187119925023 16.0117207190861,-18.0185354124485 16.011650882044,-18.0186894879279 16.0111414811084,-18.0194534969136 16.0107386430126,-18.0202692630843</coordinates></LinearRing></outerBoundaryIs></Polygon></MultiGeometry>
  </Placemark>
  <Placemark>
	<Style><LineStyle><color>ff0000ff</color></LineStyle><PolyStyle><fill>0</fill></PolyStyle></Style>
	<ExtendedData><SchemaData schemaUrl="#lfieemgs">
		<SimpleData name="region">Oshana</SimpleData>
		<SimpleData name="const">Ompundja</SimpleData>
		<SimpleData name="population">4582</SimpleData>
	</SchemaData></ExtendedData>
      <MultiGeometry><Polygon><outerBoundaryIs><LinearRing><coordinates>15.7737610795671,-18.0625379395753 15.773726163081,-18.0625857298169 15.7724420371058,-18.064345047388 15.7718764795444,-18.0649775691269 15.7705570771918,-18.066513691907 15.7698982810456,-18.0679590880956 15.7692391215855,-18.0692238624157 15.7681094429105,-18.0713920488579 15.7670729986456,-18.0729957577106 15.7661308817402,-18.0744413429779 15.765001921988,-18.0772416032294 15.7639661982317,-18.0792291578835 15.7634020806362,-18.0811260006538 15.7634992799158,-18.0834740077417 15.7637862002274,-18.0864540000104 15.7637908803047,-18.0901566880256 15.7635100771681,-18.092233978289 15.7623973181837,-18.0950382893698 15.7619610018335,-18.0966680974333 15.7613756375609,-18.098068317571 15.7604979571534,-18.0992800771752 15.7606181981072,-18.1010180698139 15.7601933961616,-18.102647973247 15.7601246374834,-18.1050467432193 15.7602164429604,-18.1069865103305 15.7603924766619,-18.1077879619955 15.7611232780327,-18.1088458169669 15.7615477183064,-18.1092360566948 15.7620758434163,-18.109947686566 15.7620528025587,-18.1104756271678 15.7615246815231,-18.1112676286908 15.761306876399,-18.1119218390205 15.7607557188071,-18.1129662870771 15.7597344007852,-18.1144928724109 15.7591605583282,-18.115560269265 15.759091436875,-18.1166735700895 15.7596768024933,-18.1178213394155 15.7596426009237,-18.1183149016558 15.7593729613455,-18.1191298519395 15.759367201915,-18.11973816245 15.7601775605838,-18.1203836380225 15.7605033614296,-18.1209203074076 15.7609738824603,-18.1227222908007 15.7613295616973,-18.1247538612367 15.760720439877,-18.1268920762674 15.7598492432281,-18.1285185614178 15.7589193632149,-18.1304123408151 15.7590914399875,-18.1328111073415 15.7598805620882,-18.1348397973244 15.7607330434143,-18.1371872724691 15.7616794778234,-18.1389928468873 15.7632872417964,-18.1410689703082 15.7643280036833,-18.1426938292572 15.7646127571606,-18.143867702639 15.7655599198489,-18.1451412930173 15.7648975187725,-18.1452221093459 15.7634816431538,-18.1456746306536 15.7619721605674,-18.1464883211222 15.7606524029599,-18.1482953434383 15.7605606002946,-18.150372542672 15.7603737596249,-18.1521788375148 15.7604706003138,-18.1541655892071 15.7603784369195,-18.1558815320944 15.7583044777125,-18.1586824183371 15.7572673197435,-18.1601280002291 15.7563241230654,-18.1609413281832 15.7545306015326,-18.1616649300529 15.752736717506,-18.1620272678245 15.7514148004806,-18.1621183478548 15.7500792014089,-18.1624851012435 15.7492792832278,-18.1628388869731 15.7488040829973,-18.1632988797075 15.7482413988914,-18.163552679601 15.7474504832681,-18.1632501891873 15.7470789619868,-18.1625702390047 15.7469803184739,-18.1615185880233 15.7467812412523,-18.1608011997427 15.7464820828179,-18.1603224931646 15.7460828409614,-18.159986878444 15.745283998789,-18.1596979801372 15.744635283128,-18.1593138570976 15.7444858779948,-18.1586922288156 15.7442612389718,-18.1582335931798 15.7439156373051,-18.1575216889099 15.7437881973473,-18.1572565501555 15.7433396383397,-18.1564429505472 15.7426912819259,-18.1558198828401 15.7422423610246,-18.1552451385699 15.7418434763337,-18.154479417467 15.7416447582546,-18.1536664515399 15.7416458413887,-18.1527584401438 15.7418463615844,-18.1519465530286 15.7422466780046,-18.1512786564877 15.7426469962777,-18.1505628933237 15.7430473218047,-18.1499904883746 15.7432481982953,-18.1489874424605 15.7434494390897,-18.1475543676284 15.743251081213,-18.1461201322155 15.7430023187112,-18.1453069784987 15.7427038774263,-18.1444459486353 15.742355042419,-18.1437758979448 15.74205587887,-18.1432971931033 15.7414075170084,-18.1424949312701 15.7407588022632,-18.1418240727229 15.7404103179757,-18.1408194896268 15.7403116785525,-18.1397200524268 15.7405125621621,-18.1389560404003 15.740763120246,-18.1381920296302 15.7407638386807,-18.1374273884681 15.7402159197506,-18.1362312030334 15.7393180838977,-18.1351295103764 15.7384206007057,-18.1339800320281 15.7370738373408,-18.1324947562779 15.7359761963937,-18.131631479716 15.735177720397,-18.1311035381798 15.7343792387307,-18.1306712722609 15.7337305232135,-18.1302870570761 15.7327318827258,-18.1301886869015 15.7320827984205,-18.1301390981714 15.7312839570495,-18.1298501088976 15.7307853620353,-18.1292751927353 15.7302871178178,-18.1283179498404 15.7298885986517,-18.1274566493347 15.7297395602888,-18.1267393493269 15.7294407587941,-18.1260694786324 15.728942158653,-18.1256379326697 15.7279942780428,-18.1248705931542 15.7273959617012,-18.1241042388376 15.7271468376087,-18.1235300413527 15.7267483203193,-18.122764317324 15.7266989990781,-18.1220950813024 15.7266500372727,-18.1214736318123 15.7267501212987,-18.1211394598927 15.7274510431031,-18.1196719209778 15.727951081852,-18.1191475809428 15.7284507581603,-18.1188144922836 15.7291001991084,-18.1185774285094 15.7296996027727,-18.1184357735456 15.7304487615505,-18.1181988882988 15.7308487169605,-18.117817742668 15.7311993602008,-18.1171018780416 15.7315496414311,-18.1163860165083 15.7316011204136,-18.1150479887317 15.7311536383676,-18.1133740772444 15.73103232162,-18.1131800436929 15.7307050818006,-18.1126559675081 15.7301564412551,-18.1120809630828 15.7294083594425,-18.1113141583766 15.7283603970597,-18.1108810801183 15.7269625222688,-18.1106381709994 15.7261143622064,-18.110205630214 15.7254152423235,-18.1100602819749 15.724429201314,-18.1100096125989 15.7233312020764,-18.1097197218505 15.7225330797733,-18.1090962026146 15.7212360009438,-18.1080410392526 15.7207377581356,-18.1071793776273 15.7202391629786,-18.1064610867485 15.7196908784697,-18.1056949208528 15.719292719831,-18.1048813201192 15.7188942016441,-18.1041632990783 15.7182465565591,-18.1029188680991 15.7175477974524,-18.1026301503717 15.716649240451,-18.1025319586317 15.7156509635692,-18.1022422510707 15.7150522816235,-18.1018582166044 15.7143538794221,-18.1013304594684 15.7136054396841,-18.1008503977687 15.712657558281,-18.1004175013708 15.7122586801753,-18.0998906429153 15.7119101991087,-18.0992324669296 15.7116114021086,-18.0986103915631 15.7113126002414,-18.0979882200308 15.710913719563,-18.0976047321555 15.7101155996644,-18.0970289087801 15.7095665985002,-18.0967883381294 15.7088674771299,-18.0967862719403 15.7081683628079,-18.0969275688928 15.7076190015165,-18.0969259511882 15.7072201194891,-18.0965902474461 15.7069213205853,-18.0961114492004 15.7067726372169,-18.095155198353 15.7065242371457,-18.0942942586053 15.7062754770538,-18.0935288092398 15.7060767615819,-18.0927636330124 15.7056782377372,-18.0920933994176 15.7051771168214,-18.0911618987513 15.7049312415535,-18.0907052409828 15.7043833211109,-18.0898911938525 15.7037850017886,-18.0892681206943 15.7036359601902,-18.0886941927395 15.7029879590552,-18.0877842033869 15.702489002717,-18.0875915967396 15.7017902404827,-18.0873504928383 15.7012912792521,-18.08715789042 15.7008924011189,-18.0867743975788 15.7004938826688,-18.0861996612838 15.6999952836978,-18.0855769466086 15.6995963973979,-18.0851933691335 15.6988983596633,-18.0847134029631 15.6984490776737,-18.0845686786984 15.6974011179091,-18.0843265798256 15.6969518367027,-18.0843252310381 15.6962653238671,-18.0843231592142 15.6954157189716,-18.0849418196785 15.6952655979717,-18.0852281068289 15.694965356701,-18.0856573209181 15.694415278797,-18.0861813891447 15.6939155989474,-18.0864666019753 15.6934655975631,-18.0870387291629 15.6931149601008,-18.0877545012399 15.6928647592445,-18.0881361021458 15.6925148382154,-18.0886129169715 15.6920644807715,-18.0891850522358 15.6914647190781,-18.0896133571226 15.6908656803572,-18.0897549268768 15.690016803708,-18.0897523213532 15.6893176769892,-18.0897979488007 15.6885688821139,-18.0898434907752 15.6873704405892,-18.0898875876643 15.6860722772354,-18.0898836323803 15.6853234817332,-18.0898334985095 15.6845246409207,-18.0898310715662 15.68392560041,-18.0897813888836 15.682677479111,-18.0898731894365 15.6801312009112,-18.0898652684522 15.6777850801853,-18.0894278702479 15.6764876432944,-18.0890414975942 15.674940719306,-18.0883675824913 15.6721960809865,-18.0875465974925 15.6704489980784,-18.0872543701726 15.6689517605904,-18.0870106518658 15.6674167200703,-18.0869580007839 15.6658687198117,-18.0870009321774 15.6644402410123,-18.0869963368789 15.6641713182355,-18.0869955274435 15.6627734375396,-18.0869910295789 15.6619245598505,-18.0868927479749 15.6609763192555,-18.0866985289031 15.6594797976348,-18.0860246994813 15.6579832811568,-18.0851596229305 15.6560875174881,-18.0842932818534 15.6543411614177,-18.0836185471061 15.6524446789083,-18.0831345295188 15.6501990025738,-18.0826015475236 15.6468049195933,-18.082016998228 15.6447586802127,-18.0816279318131 15.6433608005084,-18.0816711266902 15.6421634387951,-18.081237059793 15.6402165605505,-18.0810394197916 15.6395674811361,-18.0809895589606 15.6369848405293,-18.0805030229815 15.6355891188702,-18.079303592445 15.6351420015869,-18.0779639379804 15.634845002631,-18.0764814589944 15.6344468360251,-18.0758110496057 15.6331504830632,-18.0748150198325 15.6320028012213,-18.0745722878772 15.6308047201039,-18.0745204463283 15.6300058801161,-18.0744221704062 15.6289586391971,-18.0737973889624 15.628310282977,-18.0733650272522 15.6273627599941,-18.0728839778181 15.626065682678,-18.0724494580131 15.6249673181167,-18.0723978924137 15.6234196818265,-18.0723926673978 15.6226712415717,-18.0721034112334 15.622073280885,-18.0716234412041 15.6212251185998,-18.0712860294003 15.6201282023352,-18.070565399087 15.6189812391132,-18.069844590258 15.6182335210067,-18.0691730124197 15.6175858800791,-18.0684061223358 15.6163399171103,-18.0673504212422 15.6151922417622,-18.0671553002753 15.6140946008125,-18.0667692013816 15.6130469971126,-18.0664310732454 15.611998680073,-18.0663317998794 15.6113117989175,-18.0665206191696 15.6109111202095,-18.0673317005726 15.6107602780641,-18.0678568502547 15.610606921843,-18.0698157905194 15.6106043972822,-18.0712017026764 15.6106029590967,-18.0718707588937 15.610352041207,-18.0724912205873 15.6097526408963,-18.072775891447 15.6091035602511,-18.0728214331914 15.6079562402179,-18.0722917778674 15.6067588795093,-18.0719530170226 15.6059099978775,-18.0719022629161 15.6054603616669,-18.0720918927002 15.6051093584335,-18.0729509415482 15.6047090426495,-18.07342740115 15.6042090018581,-18.0738558025011 15.6034598368294,-18.0739965591295 15.602411520445,-18.0740406608891 15.6012631228678,-18.0740366070719 15.6004646418011,-18.0739382405268 15.5993670014599,-18.0736476286166 15.5990005180593,-18.0732009604341 15.5986196428341,-18.0727369183539 15.5979727209045,-18.0718266594628 15.5971746001352,-18.0713458781848 15.5961770378239,-18.0710078373184 15.5944796412127,-18.0709062295321 15.5932808401401,-18.0712365286736 15.5920327179711,-18.0713754884203 15.5906845182062,-18.0713706309528 15.5898356392548,-18.0715110322472 15.588587516288,-18.0715543227434 15.5872403983449,-18.0711671362465 15.586991999969,-18.0705927575994 15.5861953210904,-18.0695862905915 15.5855973627423,-18.0690584390044 15.5846995209266,-18.068672883532 15.5839514378109,-18.0681922790381 15.5834531999686,-18.0678081622356 15.5822183993951,-18.0674213405175 15.5807715576908,-18.066890432217 15.5801735994286,-18.0663147894597 15.5796760777205,-18.065643838979 15.5791781990005,-18.0648774027665 15.5781817196883,-18.0639657025903 15.5774840414429,-18.0634374924783 15.5758366768608,-18.0632880926943 15.5742393580581,-18.063330121469 15.5723921980086,-18.0634188565102 15.57114407818,-18.0634621477028 15.570494996297,-18.0635075132113 15.568647121682,-18.0638830773265 15.5675476829884,-18.0644047230651 15.566548316892,-18.0648789300731 15.5656983604236,-18.0653537679154 15.5638512014572,-18.0653947199443 15.5624043601363,-18.065102580178 15.5609081995071,-18.0642845727851 15.5599106377078,-18.0639462615471 15.5583644367378,-18.0634148069624 15.5576663994891,-18.0629343017689 15.5565701990654,-18.0619265678029 15.5564542823602,-18.0619085702537 15.5549858422327,-18.061681679005 15.5532747609778,-18.0613109686088 15.5527405233847,-18.0611953179887 15.5516436033394,-18.060665397527 15.549949077665,-18.0594164684385 15.5481544829112,-18.0582148788242 15.5462583628634,-18.0578253614465 15.545260443389,-18.0577259105727 15.5437127985293,-18.0577200615246 15.5425143576109,-18.057858838909 15.5416647592857,-18.0582379186513 15.5404656023013,-18.0588068969215 15.5401138788746,-18.0597613481612 15.5400119962494,-18.060668996777 15.5395612804047,-18.0613841414269 15.5386612834217,-18.0619064107253 15.5375132387687,-18.0619019986776 15.5361175199384,-18.061036381339 15.5349223184438,-18.0597413688827 15.5341245560431,-18.0592604117969 15.5329790392333,-18.0582045279894 15.5316826789824,-18.0575304316246 15.5310350380047,-18.0569066401331 15.5309864410547,-18.05642856041 15.5311876793853,-18.0556646398414 15.5312895586986,-18.0547569909147 15.5305429204881,-18.0539415897308 15.5296954812364,-18.0533647790913 15.5290993189464,-18.052179662027 15.5281031990159,-18.0512676923972 15.5272561210665,-18.0506430864835 15.5267085567611,-18.0499718728942 15.5260112372112,-18.049300107566 15.5253636037407,-18.0487718081644 15.5249153995285,-18.0482443207568 15.5241691225281,-18.0472855498816 15.52298508275,-18.0465640227999 15.5204384380759,-18.0469364384987 15.5184929965682,-18.0464030073703 15.5174489988858,-18.0447261282139 15.5164561184791,-18.0423804597044 15.5153105974302,-18.0414200671171 15.5143645232341,-18.040364819551 15.5138677187644,-18.0394548310032 15.513319798306,-18.0390225628685 15.5124738022998,-18.0379199732384 15.5115298804,-18.0360522931176 15.510584882116,-18.0347102975481 15.5098886385067,-18.0336561296572 15.5091913182372,-18.033079769997 15.5075025622591,-18.0297395129429 15.5080051184973,-18.0283077913148 15.5082578425076,-18.0269705699208 15.5082628822271,-18.0250110884316 15.5084158810678,-18.0236735099635 15.5091171586396,-18.0225771291557 15.5095700388434,-18.0211451413453 15.5093741981836,-18.0196149600541 15.5091848390586,-18.0192196784517 15.508778042533,-18.0183699911312 15.5080317631855,-18.0175545882121 15.506487357137,-18.0163535418689 15.5047913970764,-18.0160599586562 15.5041430412456,-18.0158661911445 15.5035951232092,-18.0154338321662 15.5034964809654,-18.014859992671 15.5040969576357,-18.014241059323 15.5046473995611,-18.0136219496081 15.5042503187915,-18.0128078969149 15.503253841023,-18.012087001307 15.5022076778147,-18.0113659226492 15.5013112807141,-18.0105497965663 15.5005840818416,-18.0101324719045 15.5008760374789,-18.0093224679945 15.5014268392863,-18.0074339131706 15.5019146389568,-18.005985900232 15.5022843630897,-18.0047347200881 15.5028056399697,-18.002987911401 15.5031919198583,-18.0016588777169 15.5033611225975,-18.0007777817243 15.5034334768183,-18.0003201294137 15.5035277991331,-17.9997614103023 15.5037798017005,-17.9989430380954 15.503889958153,-17.9984708089189 15.5041178418322,-17.9979672632871 15.5044486798035,-17.9973219589634 15.5051589617206,-17.996003823352 15.5054714389063,-17.9954648097813 15.5059437595301,-17.9946464416282 15.5064628788846,-17.9938123186287 15.507506163116,-17.9921038499464 15.5088914414315,-17.9897536799451 15.5095840821543,-17.9886131098127 15.5098922378654,-17.9881901093286 15.510200043089,-17.9878591824306 15.510469317522,-17.98747290189 15.5111234377438,-17.9866084483307 15.5116047625111,-17.9859279593005 15.5121523171112,-17.985289947761 15.5126167180299,-17.9846839825587 15.51312036075,-17.9839286122037 15.5135609993351,-17.9833068925479 15.5141827209628,-17.9824097672862 15.5146625999629,-17.9816544012894 15.5159139577886,-17.9797893322476 15.516488520734,-17.9789867122618 15.5168791180513,-17.9783134217957 15.5172596386179,-17.9777276105745 15.5177553590665,-17.9770194031089 15.5183140773291,-17.9763033599545 15.5197540772545,-17.9746192807369 15.5206512029634,-17.973407426685 15.5218395573805,-17.9717627678335 15.5231377202595,-17.9699292882467 15.5241529231029,-17.9685836134357 15.525026640113,-17.9673639301972 15.5258607596221,-17.9662385697007 15.5266239621936,-17.9650582213476 15.527292842787,-17.9639958574871 15.5281348807337,-17.9628076814861 15.5291324375544,-17.9614303231845 15.5300626798015,-17.9602423175477 15.5308338016646,-17.9591091299072 15.5314792790072,-17.9580703510268 15.5319357617853,-17.9572992273155 15.5323447192262,-17.9564807713569 15.532667639473,-17.9555286627286 15.5329272027116,-17.954600039952 15.5332339182781,-17.9534747733188 15.5337062420999,-17.9514523765989 15.5338714831008,-17.9506811712664 15.5340918033851,-17.9499572076287 15.5344064378191,-17.9489342724336 15.5346879584991,-17.9480537105041 15.5348729968929,-17.9474330684841 15.5353193972029,-17.9462114975277 15.5355004772754,-17.9452593013837 15.5354925573774,-17.9442677726232 15.5353431610858,-17.9432369075247 15.5350861231292,-17.9421484522098 15.5350598415036,-17.9415608414616 15.5350598390977,-17.9407266309953 15.5351149193525,-17.9399869218847 15.5352250810049,-17.9394597024327 15.5354687972854,-17.9381691916727 15.5356088403887,-17.9370048631571 15.5356700405509,-17.9362953000112 15.5358241164994,-17.9353198804294 15.5359411231769,-17.9347143612251 15.5489191203711,-17.9346861003396 15.5704950004477,-17.9346392070658 15.5959030786151,-17.9345838580541 15.5984648373435,-17.9345782794008 15.61749840277,-17.9345368794226 15.640948800688,-17.9344858514655 15.6664173574965,-17.9344304099876 15.6802496373599,-17.934400261122 15.682762081132,-17.9343948575193 15.7138343993602,-17.9343101671345 15.7204443568443,-17.9342921678666 15.7355982020309,-17.9342508569536 15.7493023176057,-17.9342135100169 15.7655091610246,-17.934040082094 15.7675658398357,-17.9340180307233 15.7722857978768,-17.9339675380843 15.7980600019758,-17.9336918703892 15.7980506366876,-17.9341894813508 15.7982094017692,-17.9345466932467 15.7982083220869,-17.9351070314032 15.7979948403317,-17.935360921864 15.7976751618162,-17.9354106022989 15.7968442769086,-17.935308719154 15.7965296421182,-17.9354975369477 15.7962934835827,-17.9358596078474 15.7962891575398,-17.936475119913 15.796387800027,-17.9375278503326 15.7964666401614,-17.9391174327788 15.7961044819756,-17.9402348686961 15.7956404407551,-17.9409555922719 15.7954906777254,-17.9418558598592 15.7956955225889,-17.9425955718018 15.7959943172811,-17.943225121165 15.7959943221372,-17.9440199120977 15.7956008399429,-17.9449327807933 15.7955853600334,-17.9461053002923 15.7956803985854,-17.9466103804272 15.7957189177744,-17.9477499598788 15.7953564029559,-17.9486468096296 15.7951422028614,-17.9493591626741 15.7955302803659,-17.9500555812147 15.7960652395435,-17.9510235327115 15.7961519977005,-17.9521803024631 15.7959849598319,-17.9531194512114 15.79578983903,-17.9538564621483 15.7954355997463,-17.9546826592749 15.7955695222692,-17.9559339319788 15.7955144389583,-17.9566972165109 15.7951681175785,-17.9578224891464 15.7945881627652,-17.9588196913137 15.7940114369139,-17.9595379816281 15.7936492782597,-17.9600888671863 15.7934289592301,-17.9603957681172 15.7933897197861,-17.96177285716 15.7930909188294,-17.9623315831266 15.7929285570357,-17.9629396168869 15.7928075981711,-17.9632443569124 15.7928389166033,-17.9637480024619 15.7930851589977,-17.9643157226927 15.7936968006043,-17.9651723411859 15.7938224380041,-17.9655972323326 15.793799040472,-17.9659041329913 15.7935787185294,-17.9662740326207 15.7931859571547,-17.9668123184842 15.7930513185968,-17.9672970573057 15.7929253236467,-17.9674858832836 15.7930041602439,-17.9678242795951 15.7943509184135,-17.9694148488562 15.7947904778327,-17.9700512390759 15.7949949586834,-17.9704525479627 15.7950107976889,-17.9712473382176 15.7946803209012,-17.9718768877423 15.7946637572771,-17.9721669590888 15.7949715591333,-17.9726874329465 15.7956008429921,-17.9729155791952 15.7959316804588,-17.972970749397 15.7964036380832,-17.9733798931352 15.7968680387912,-17.9739543620622 15.7969389563411,-17.9744500819992 15.7967341182142,-17.9746711177493 15.7961595569037,-17.9754416123703 15.7957740006052,-17.9758901729151 15.7958002828942,-17.9762782492164 15.7963251601451,-17.9773774191698 15.7965767987257,-17.9781328819651 15.7968363616344,-17.9787151787142 15.7968363600959,-17.9791323294188 15.7962070805264,-17.9797697095354 15.7957113625865,-17.9800451085967 15.7951997965718,-17.9803362596798 15.7949244006992,-17.9806824885576 15.7949099993461,-17.9809682406631 15.7950028823135,-17.9813042131362 15.7950345598692,-17.9819337624597 15.795199803647,-17.9826340467487 15.7956087625627,-17.9835705031522 15.7957426788091,-17.9839954789718 15.7959392374356,-17.9844440424451 15.796159556489,-17.9848768517652 15.796364398085,-17.9854906467889 15.7963957167047,-17.9861122777181 15.796014840118,-17.986627077419 15.7954042797554,-17.9871195612468 15.7949557190455,-17.9874972932168 15.7945309180002,-17.9880008391084 15.7939325989145,-17.9887012227024 15.7935070811433,-17.9891646315355 15.7930808432685,-17.9893666768401 15.7924220403249,-17.9895039302803 15.7916584787141,-17.9898029091501 15.7911091182649,-17.9901232208186 15.7907354387476,-17.990580329262 15.7904467182803,-17.9911799972772 15.7901475601826,-17.9919197101738 15.7895337625444,-17.9929112424984 15.78838571896,-17.9937805528843 15.7874263211149,-17.9943881395573 15.7867246832087,-17.9950831196119 15.7864647583945,-17.9956655117255 15.7858250378512,-17.9962031719476 15.7852375229559,-17.9970159586369 15.7849693228731,-17.9978809532495 15.7848598826638,-17.9991540896507 15.7849704013324,-18.0002023194283 15.7850244039944,-18.0008045108407 15.7846046387642,-18.0021355218194 15.7844167217169,-18.0026775018997 15.7840405208016,-18.0034905573901 15.7831923573811,-18.0042137070259 15.7820842766983,-18.0046660505586 15.7814251198911,-18.0057501893604 15.7802004012938,-18.0071960395511 15.7787870368463,-18.0085517091712 15.7768077625479,-18.0101786426672 15.7746398402307,-18.0118057493145 15.7724301572467,-18.0128653223669 15.771056397792,-18.0135240284119 15.7677559194136,-18.0148807791597 15.7658709603221,-18.0166882525248 15.7650472785686,-18.0188855999515 15.7650407964864,-18.0189482406516 15.7638959972949,-18.0220177789187 15.7634272762371,-18.0246370502419 15.7633351175886,-18.0262627204698 15.7634316037542,-18.0280688380998 15.76362276003,-18.0301458616571 15.7640025615697,-18.0320421581357 15.764192998309,-18.0334870199766 15.7630629575381,-18.0352713627233 15.762782522219,-18.0375292819894 15.7622194770711,-18.0402389083937 15.7625045973225,-18.0418643066262 15.7630730381094,-18.0434895299456 15.7634528403721,-18.0454761011404 15.763542478952,-18.0460511967789 15.7638333614895,-18.047914290036 15.7661960377668,-18.0508026628269 15.7682743166583,-18.052336619744 15.7698802774548,-18.0535998613681 15.7712983202621,-18.055585709402 15.7722454816334,-18.0582040770921 15.7736638780779,-18.0604608333799 15.7737610795671,-18.0625379395753</coordinates></LinearRing></outerBoundaryIs></Polygon></MultiGeometry>
  </Placemark>
  <Placemark>
	<Style><LineStyle><color>ff0000ff</color></LineStyle><PolyStyle><fill>0</fill></PolyStyle></Style>
	<ExtendedData><SchemaData schemaUrl="#lfieemgs">
		<SimpleData name="region">Oshana</SimpleData>
		<SimpleData name="const">Ondangwa Rural</SimpleData>
		<SimpleData name="population">14959</SimpleData>
	</SchemaData></ExtendedData>
      <MultiGeometry><Polygon><outerBoundaryIs><LinearRing><coordinates>15.8213192402988,-17.8287578989874 15.8234504423306,-17.8293559515195 15.8259290375906,-17.8301217627859 15.8272394375185,-17.8304594387641 15.8278827617872,-17.8305526779377 15.8282143176946,-17.8305840897003 15.828846117941,-17.8306772421634 15.829525080622,-17.8307554481219 15.8305201232481,-17.8308347394938 15.8330044795683,-17.830874522397 15.8338627226964,-17.8308882868263 15.8378770785753,-17.830952638511 15.8391796899273,-17.830948426074 15.8399964234018,-17.8309457809592 15.8400730761505,-17.830945532428 15.841462682249,-17.8310716170954 15.8423313625939,-17.8312109409004 15.8433260426873,-17.8313961591842 15.8441155008341,-17.8316885984338 15.8444691360076,-17.8318084755109 15.8445644356579,-17.8318407809036 15.8446332008803,-17.8318640916531 15.8456781765872,-17.832218321407 15.8465816544382,-17.8325245806083 15.8471069340263,-17.8327026362724 15.8511168221576,-17.8342136137563 15.8514296435362,-17.8344247101594 15.8515295961566,-17.8344921599328 15.8516106869779,-17.8345468813903 15.8516553613785,-17.8345770284371 15.8523033632421,-17.8350144314129 15.853170963496,-17.8355471420727 15.8547329987397,-17.836490790807 15.8553129630908,-17.8367239805984 15.8557867175988,-17.8369144195776 15.8597010003119,-17.8385169567794 15.8603169564913,-17.8387309814501 15.8610589214117,-17.8389605681331 15.8617061981872,-17.8390990795668 15.8625273608926,-17.8392532528391 15.8638975236309,-17.8394537692563 15.864434281379,-17.8395323422279 15.8653029606351,-17.8396413308092 15.8660135981704,-17.8397799290471 15.8669611230761,-17.8398891893935 15.8694094816399,-17.8401096012263 15.8713703985865,-17.8403506198741 15.871399920287,-17.8403542224405 15.8734645212894,-17.8406079311622 15.8736203763704,-17.840614519817 15.8743633220621,-17.8406459256304 15.8746334367472,-17.8406573430661 15.8755031993412,-17.8407377084707 15.8768445582585,-17.8408617281005 15.8772074364286,-17.8408885478775 15.8800669207992,-17.8410997815376 15.8806118964716,-17.841151944829 15.8815125494951,-17.8412010729919 15.8816378474602,-17.8412079075218 15.8818792413401,-17.8412210746642 15.883483886887,-17.841308594102 15.8873291012209,-17.8421020505379 15.8882048273321,-17.8423105606855 15.8898925779174,-17.8427124026995 15.8927001955643,-17.8433227536878 15.8931833300332,-17.8434838043317 15.8964995465104,-17.8445892093317 15.8969116215139,-17.8447265629237 15.8974435310306,-17.8449743938863 15.8982811199472,-17.8453848120667 15.8985832688416,-17.8455289648864 15.8987223287784,-17.8455953086993 15.8988702485481,-17.8456658796277 15.9003442781326,-17.8463691147873 15.9007082404142,-17.8465427521464 15.9011179280058,-17.8466863369625 15.901623719528,-17.8468636023073 15.9028923603574,-17.8473585115848 15.9033445200808,-17.8475350023082 15.9034957201841,-17.847597912284 15.9056179197122,-17.8484806316551 15.9064387204041,-17.8489069617955 15.9076065598094,-17.849531202143 15.9080169599136,-17.8498048920636 15.908190479751,-17.8499378217436 15.9090277648815,-17.850765569532 15.9092017200925,-17.8509375422927 15.9092422275441,-17.8509772176115 15.9097553866506,-17.8514798282599 15.9098578046434,-17.8515801401848 15.9099418799393,-17.8516624870166 15.9103267195939,-17.8520394118458 15.9112624069449,-17.8529160755571 15.9116007595821,-17.8532330820153 15.9132992397939,-17.8548399422684 15.9158357999267,-17.8572847018569 15.917477040374,-17.8588456620382 15.9190955995735,-17.8603721516548 15.9211127813052,-17.8621728704337 15.9216738793985,-17.8626737481231 15.9225800656198,-17.863482666344 15.9227251504229,-17.8636121775107 15.9228232283944,-17.8636997269163 15.9231585603871,-17.8639990614896 15.9247405776487,-17.8654639420182 15.9247279539558,-17.865543664786 15.9245929150038,-17.8663964760538 15.9247259571191,-17.8671889840025 15.9248275087676,-17.8678711314831 15.925106615631,-17.868818617977 15.9250576391659,-17.8693242036221 15.9245059724672,-17.8698184257384 15.9237644411006,-17.8704827361452 15.9230008108874,-17.8714242484717 15.9227332627624,-17.872008850465 15.9224887586868,-17.8725430982641 15.9219056737259,-17.8740134511085 15.9214152077317,-17.875196675955 15.9211598084966,-17.8758128071109 15.921005593742,-17.8761596592857 15.9207306245312,-17.8767781024118 15.920437958006,-17.8774363421846 15.9202041039624,-17.8784379812438 15.9198224087419,-17.8792087865769 15.9198019024136,-17.879721914291 15.9197806321184,-17.8802541614379 15.9198743318617,-17.8808949476428 15.9199803712043,-17.8816201211812 15.9201454873447,-17.8822834892336 15.9202184791187,-17.8825767395534 15.9206232847015,-17.8830694801756 15.9210211850421,-17.8835538128657 15.9213428599653,-17.8841501785877 15.9217708088672,-17.8849435634972 15.9223636374349,-17.8856726345592 15.9220837546678,-17.8863748834358 15.9212527276393,-17.8870520877304 15.9205376075513,-17.8875539805629 15.9198940508569,-17.8878752152179 15.9195752210328,-17.8880343601863 15.920481665985,-17.889105235156 15.921187095239,-17.8899386186824 15.9213898745093,-17.8901781766933 15.9219444462421,-17.8908333306158 15.9214634075658,-17.8913683404653 15.9210778098567,-17.8917971964558 15.9209175331814,-17.8923280967278 15.9207998731551,-17.8934716289224 15.9207857085226,-17.8943973429011 15.9207763086138,-17.8950116741177 15.920771159681,-17.8953481424586 15.9206817105845,-17.8958984391213 15.9205669675313,-17.8966043437925 15.9204918840751,-17.8971155610205 15.9206310373847,-17.89770066641 15.9210814572444,-17.8977414806283 15.9216518053504,-17.8977184105587 15.9223852995499,-17.8976887392343 15.9232595265724,-17.8976533707125 15.9243433686975,-17.8978904591208 15.9250320672057,-17.8979876443392 15.9257475656656,-17.8980886084256 15.9261246928774,-17.8981418238629 15.9267433295823,-17.8984091590218 15.9278672050023,-17.8987012688723 15.9288481727902,-17.8991018630253 15.9293828716583,-17.8993202139179 15.930540446287,-17.8995450998973 15.9316818399277,-17.8997668359947 15.9321748321856,-17.8998626062578 15.9327802791168,-17.8998674428667 15.93406680677,-17.9004443853884 15.9345848100874,-17.9009155216721 15.9352236852634,-17.9016448094329 15.9368315776958,-17.9016755911696 15.9376215699948,-17.9010888356157 15.9377601168314,-17.9009859318425 15.9378481591354,-17.9010927478436 15.937848569084,-17.901337748953 15.9378317349459,-17.9014646549424 15.9378133388545,-17.9016033388666 15.9378155089328,-17.901869192459 15.9378182029237,-17.9021993608636 15.9378450270006,-17.9026207383634 15.9378844451164,-17.9032399707036 15.9378951339029,-17.9034078797029 15.9381052961235,-17.9034331882393 15.9383806699694,-17.9034140217499 15.9387336664035,-17.9033927296375 15.93911401694,-17.9033725155481 15.9393591986794,-17.9033594851258 15.9396324773956,-17.9033181219128 15.9396769070293,-17.9033113970287 15.9397205650464,-17.9033047889849 15.9398728231426,-17.9032817427034 15.9401706958978,-17.9032457270039 15.9403190066574,-17.9032277946214 15.9405271605253,-17.9035913577175 15.9405367539699,-17.9039563766727 15.9405675410522,-17.9043170527656 15.9407250440469,-17.9045052919447 15.941013860207,-17.9048504669985 15.941141440416,-17.9050029424621 15.9415069946495,-17.9054398259033 15.941627706789,-17.9055840917035 15.9421262337653,-17.9061798898365 15.9424081825616,-17.9065168491486 15.942401320208,-17.9066165465153 15.9423867073614,-17.9068288602495 15.9423757094928,-17.9069886500162 15.9424307079107,-17.907259913014 15.942428378511,-17.9076527980128 15.9425537308479,-17.9079921845346 15.9425193571869,-17.9083520997985 15.9423917210677,-17.9090616124487 15.942374838464,-17.9095221595176 15.9422428999147,-17.9098558123312 15.9419007716295,-17.9107118238734 15.941922190207,-17.9111315698736 15.9419388055693,-17.9114571814254 15.9418738741844,-17.9119729908283 15.9418348414864,-17.9122830560098 15.9418398710747,-17.9126193963549 15.9418422890043,-17.9127810693053 15.9418449732228,-17.9129605214099 15.9419697648767,-17.9133947416295 15.942251833065,-17.9135588538746 15.9425193485326,-17.9137906278492 15.9427280527789,-17.9138241927278 15.9428916245838,-17.91385049919 15.9430424786721,-17.9138747598198 15.9431994120942,-17.9138725462345 15.9436458395161,-17.9138662493726 15.944015284298,-17.9138510734619 15.9443275750428,-17.913835525304 15.9444721185309,-17.9138283281412 15.9452004871247,-17.9139739238167 15.9454474621498,-17.9140232920525 15.9455606099347,-17.9140453679524 15.9461329878405,-17.9141570435719 15.9468045043122,-17.9142880591222 15.9474274244824,-17.9144793273091 15.948010427042,-17.9146583373861 15.9483650369223,-17.9147672181831 15.9487449254014,-17.9148701289623 15.9489572767302,-17.9149198793935 15.9493154453269,-17.9150037909693 15.9495181475484,-17.9152496662659 15.9495287249702,-17.9152624963605 15.9497233988828,-17.9154986320672 15.950048182292,-17.9158925859236 15.9515485995619,-17.917712526765 15.9525146488909,-17.918884277376 15.9535866898998,-17.9202103449365 15.9528775722146,-17.9210832544349 15.9519750198428,-17.9217094093141 15.9516114319795,-17.9223958318004 15.9513068607325,-17.9234367866537 15.9494455994426,-17.9238421732912 15.9473718263285,-17.9240699802339 15.9459716260149,-17.924397024866 15.9449689334941,-17.9250608461334 15.9446374081581,-17.9262302495707 15.9439595509202,-17.9278353099623 15.9434501793765,-17.9293356628929 15.9434891624409,-17.9303829749562 15.9437089230328,-17.9312207421141 15.94365274737,-17.9322721279124 15.9430305622971,-17.9333047781766 15.9302001566328,-17.9333390675231 15.9159747615384,-17.9333770536784 15.896462043131,-17.9334291627814 15.8834988020602,-17.9334637184875 15.8574150000275,-17.9335333834043 15.8269471213648,-17.9336147373216 15.8076993586766,-17.9336661292247 15.8021161189945,-17.9336809821741 15.7987108816101,-17.9336900686438 15.7980794381983,-17.9336916879604 15.7982813965031,-17.9334329391725 15.7983207301667,-17.9333696671636 15.7984056027057,-17.9332331406542 15.7984673321317,-17.9331316112178 15.7985218822402,-17.933041889286 15.7986019463997,-17.9329370928078 15.7987022383073,-17.9328058204587 15.7987029594311,-17.9324614791017 15.7986136789989,-17.9321598915384 15.7985229490049,-17.9320549011599 15.798389759851,-17.931900779932 15.7980535228192,-17.9314260322366 15.7977842432083,-17.9311237224338 15.7977853221629,-17.9307148509601 15.7981006772233,-17.9303931915205 15.7984390835657,-17.9299210463141 15.7985129629676,-17.9298453742882 15.7987321187082,-17.9296209000535 15.7989581994187,-17.9290837801625 15.7990712429852,-17.9287613991312 15.799071961923,-17.928417058487 15.7989380419803,-17.9279430326709 15.7985794808557,-17.9275543183892 15.7983383998009,-17.92727054699 15.7981759234172,-17.9270792996413 15.7981093199997,-17.9266916673232 15.7981100412287,-17.9263258198383 15.7979311232351,-17.9259162274652 15.7976622003641,-17.9255708998948 15.797617922109,-17.9252693968975 15.797528999179,-17.9247526221138 15.7970591963279,-17.9238737669094 15.7969702826496,-17.9234645372494 15.7968813577909,-17.9230122882927 15.7968824411793,-17.9224527609251 15.7970185193188,-17.9220013185183 15.7971776367688,-17.9212487422102 15.797180882746,-17.9212244423708 15.7971833980461,-17.9212041000931 15.7971968489053,-17.9211032866184 15.797223360925,-17.9209045831928 15.7972150913783,-17.9207931872667 15.797157838821,-17.9200219490836 15.7972039204529,-17.9195917519973 15.7971373209143,-17.9192041193469 15.7970710836113,-17.9186873400383 15.7971175200153,-17.9180203533254 15.7971212868476,-17.9179931099779 15.7971859211904,-17.9175256162783 15.7971419975892,-17.9170950630358 15.7970080770792,-17.9166856516385 15.7969046103864,-17.9164144564205 15.7968518437566,-17.9162761500392 15.7966282824916,-17.915629681251 15.7965217224403,-17.9152894771687 15.7965400798256,-17.9148976173521 15.7968561588096,-17.9144038829171 15.7968750018743,-17.9143745250177 15.7971042032095,-17.9140174189211 15.7972625982484,-17.9135930676749 15.7972636784691,-17.9130335387981 15.7971520782899,-17.9127747912468 15.7969054773592,-17.9123865269792 15.7968104637789,-17.9122034432715 15.7966592431502,-17.9119120518908 15.7963906800351,-17.9114590763078 15.7962798011701,-17.9107915497906 15.7963039172264,-17.910102960274 15.7963726799264,-17.9095436991697 15.7963843366196,-17.9092797903718 15.7963964398736,-17.9090057695376 15.7963759168463,-17.9081879390587 15.7963539605002,-17.9079295522624 15.7961973596159,-17.9076276918784 15.7959705836239,-17.9075833979895 15.7958600405968,-17.9075618069468 15.7955007612269,-17.9073882880114 15.7952318388242,-17.9071505117118 15.7949402414319,-17.9067834872794 15.7949636389853,-17.9064177319644 15.7950993620991,-17.9060524173189 15.7952577631312,-17.9056010725359 15.7952811607153,-17.9052353098706 15.7951925995838,-17.904675419327 15.7950140398958,-17.9041367666807 15.7948808395116,-17.9033183974413 15.79479191669,-17.9030006126602 15.7947926390405,-17.9026778679649 15.794928003459,-17.902355577432 15.7952883567643,-17.9020556089858 15.7956937184515,-17.9017989311965 15.7956988527952,-17.9017960641151 15.7960763964201,-17.9015852696906 15.7963241003751,-17.9013772435332 15.796459082076,-17.9012638821733 15.7968194415089,-17.9008994729525 15.7970001586581,-17.9005773579683 15.7971866426729,-17.9001402287591 15.7971672010945,-17.9000649012098 15.7972042772706,-17.8997172279345 15.7971607194128,-17.8992221429742 15.7969818007422,-17.8987695290979 15.7967367331909,-17.8983139091528 15.7966685971183,-17.8981872323513 15.7964450368464,-17.8976052896884 15.796356478513,-17.8970884194787 15.7961556016675,-17.8964635486921 15.7960447201695,-17.8958175276227 15.7960231222261,-17.8953655496362 15.7959799213535,-17.894547537333 15.7960044026345,-17.8938159278485 15.7960051210729,-17.8933855531487 15.7958485212068,-17.8930459815489 15.7958496000087,-17.8926155124068 15.7957156808313,-17.89222769666 15.7956721195158,-17.8916463920123 15.7958981993961,-17.8910662522822 15.7959892816542,-17.8905500993685 15.7959680424552,-17.8899904802508 15.7959352826329,-17.8895010596609 15.7959331169255,-17.889468659378 15.7959244777737,-17.8893446419969 15.7959935977846,-17.8887423615044 15.79624164144,-17.888355902149 15.7963777231901,-17.8878184178292 15.7967614775902,-17.8870021212443 15.7970041166885,-17.8865726413277 15.7971848395176,-17.8862290188996 15.7973209196364,-17.8857560671098 15.7975689610852,-17.8852620589671 15.7977273633812,-17.8848107090386 15.7979665656862,-17.8844954630439 15.7980203967508,-17.8844245180778 15.7983137993783,-17.8839737121832 15.7985848779068,-17.8833344428951 15.7986644403656,-17.8830700131422 15.7987659587063,-17.8827326095923 15.7987923285889,-17.8822563619384 15.7987977612404,-17.8821582481327 15.7988037566587,-17.8820499606405 15.7988507331682,-17.8819154883016 15.7989484779693,-17.8816356933065 15.798971879956,-17.8811623821113 15.7988874961173,-17.8808998928176 15.79877100053,-17.8805375135008 15.7983908406806,-17.8798042808078 15.7978313966715,-17.8786400430784 15.7976316030757,-17.8777138466196 15.7976776812075,-17.8771544975447 15.797836079636,-17.8767461679531 15.7981964395737,-17.8762741236026 15.798567602525,-17.8758648006212 15.7990478423063,-17.8754948982132 15.799412881025,-17.8751167193748 15.7995060842223,-17.8750359935711 15.8002754413055,-17.8743696274881 15.8004246801389,-17.8742405644265 15.8007394784722,-17.8739683204695 15.8009597972128,-17.8735276781067 15.8011027159993,-17.8731701999143 15.8012838017961,-17.8726759176766 15.8013222764194,-17.8725117540084 15.8013224891032,-17.8725108474467 15.8013227911507,-17.8725095575096 15.8013232010005,-17.8725078075255 15.8013277889024,-17.8724882302726 15.8013286969676,-17.8724843550531 15.8013745214165,-17.8722888324056 15.8015102385403,-17.8718589897781 15.8015559617826,-17.8716438880685 15.8015559579261,-17.8715105079966 15.8015563204155,-17.871407192855 15.8015120424226,-17.871105779845 15.8013781227261,-17.8707608974152 15.8010935502991,-17.8704369668255 15.801010055549,-17.8703419247087 15.8008849207957,-17.8701994822801 15.8005498430566,-17.8698765628455 15.8003244020778,-17.8696593024793 15.7998088800487,-17.8690116589601 15.7994740811648,-17.8680204014029 15.7993862431426,-17.8671161673702 15.8000396361171,-17.8663654823621 15.800265359206,-17.8659143989263 15.8005591182163,-17.8652268916082 15.800708161948,-17.8647219919124 15.8007693621976,-17.8643814328164 15.8010544789205,-17.8640137821292 15.8015894385293,-17.8637777113585 15.8016321064922,-17.8637574177389 15.8020693214976,-17.8635494715734 15.8024289606814,-17.8632809993855 15.802452000365,-17.8629583481434 15.8024268174908,-17.8626867636797 15.8024247622323,-17.862664601726 15.8024148054164,-17.8625572212433 15.8024080783625,-17.8624846767538 15.8023414799957,-17.8621185576278 15.8022036810661,-17.8619005108044 15.8020279172534,-17.8616223907489 15.8017593574449,-17.8611694164419 15.8016034804417,-17.8605877504212 15.8016499191956,-17.8600068874117 15.8018759987685,-17.8594051465101 15.8021247597195,-17.8586959487114 15.8021662827659,-17.8585514438958 15.8023965627186,-17.8577500504732 15.8026230005822,-17.8568900992705 15.8026645754703,-17.8566738601229 15.8026699986865,-17.8566456545466 15.8026806750706,-17.8565901258298 15.8027330493297,-17.856317710983 15.8027594382208,-17.8561804519269 15.8027839206211,-17.8553627076426 15.8028000665598,-17.8547806931168 15.8028083965491,-17.8544804429356 15.8028105579217,-17.8535980818729 15.8027230819969,-17.8525055725501 15.8027239880009,-17.8520586956815 15.8027240795214,-17.8520134327428 15.8027241747603,-17.8519666268966 15.8027243260914,-17.8518921200161 15.8027245224121,-17.8517953782334 15.8026851989313,-17.8517042422877 15.8026660081532,-17.8516597652933 15.8026529647382,-17.8516295366932 15.8026129167904,-17.8515367223735 15.8021834710166,-17.8511980279412 15.802119362253,-17.8511474666077 15.8017381200722,-17.8508447126446 15.8014468816308,-17.8503916478593 15.8009821219713,-17.8497657925606 15.8008928393519,-17.8495501498394 15.8006462434687,-17.849183398324 15.80035535736,-17.8486442111797 15.8001764392755,-17.8483637715176 15.799795563615,-17.8478888388669 15.7995622018158,-17.8475456610835 15.7994696240182,-17.8474095162245 15.7993700409611,-17.8472630706452 15.7992947091818,-17.8471851400736 15.7991845598674,-17.8470711899144 15.7988195997275,-17.8466936384373 15.7982043594266,-17.8460103581309 15.7978238424806,-17.8454278772561 15.7975109983118,-17.8446734084012 15.7973335164162,-17.8435751426127 15.7973126367568,-17.8429779022665 15.7973360382317,-17.8425475204433 15.7973979938016,-17.8421871593101 15.7974728371876,-17.8417518313499 15.79748665451,-17.8414303340345 15.7975199982073,-17.8406544612689 15.7975214372507,-17.8401094682213 15.79752215715,-17.8398366279623 15.7974279788792,-17.8397277817831 15.7969616426469,-17.8391888123815 15.7966939001545,-17.8389374798877 15.7961098820185,-17.8383892521058 15.7954147225405,-17.8377840012721 15.7946079634425,-17.8368769795563 15.7940481598326,-17.836056990642 15.7935326422927,-17.8354308626636 15.7928842775252,-17.8340725806625 15.7924522764923,-17.8329457775911 15.7924151967809,-17.832849390843 15.7923485994596,-17.8324617618898 15.7923465811528,-17.8324242439669 15.7923057614091,-17.831665350503 15.7922994798685,-17.8313755410321 15.7922852371219,-17.8307183722975 15.7921527608845,-17.829749339309 15.7915926026404,-17.8291230332158 15.7904920803453,-17.8289036109182 15.7902645208365,-17.8289324190392 15.7901272267139,-17.8289498002611 15.789948829194,-17.8289723839428 15.7895031571332,-17.8290288024107 15.7889682265853,-17.8292676190323 15.7887385174828,-17.8293701707904 15.7880412027481,-17.8297548295555 15.7876664386783,-17.8297932615348 15.7870299594115,-17.8298584177665 15.7865810408027,-17.8295984100237 15.78624624158,-17.8285856403801 15.7862718018279,-17.8273160125069 15.7868139591232,-17.8260914705376 15.7872887032972,-17.8255344961633 15.7873179608617,-17.8255001705746 15.7876633481953,-17.825094722833 15.7877827236843,-17.8249545891735 15.7884361212217,-17.8241823929403 15.7884788496807,-17.82387085096 15.7884847750451,-17.8238276450689 15.7885050211533,-17.8236800307404 15.7885275637662,-17.8235156680153 15.7885339230272,-17.8233995994076 15.7885747183953,-17.8226549984244 15.7889581219594,-17.8220592869588 15.7894081179735,-17.8216736411073 15.7897681225851,-17.8214598889184 15.7905777596057,-17.8212477565584 15.790785336848,-17.8212201834273 15.7909263311017,-17.82120145391 15.7913643596518,-17.8211432674288 15.7918816773287,-17.8208870371573 15.7921074020303,-17.8203929387235 15.7924234784753,-17.819705521996 15.7924527938771,-17.8196576952312 15.7925566392407,-17.8194882748256 15.7928623019273,-17.8189895931365 15.7928972375243,-17.8189325967154 15.7934156422111,-17.8182243909924 15.7936734002169,-17.8178471969641 15.7939671606166,-17.817417629501 15.7940013581216,-17.8173677711167 15.7940467176914,-17.8173014393448 15.79467851743,-17.8161202789638 15.7949783971992,-17.8158071673625 15.7955803218625,-17.8162149590738 15.7958639966622,-17.8165035024728 15.7962878761432,-17.8167856938453 15.7963212026724,-17.8168078804402 15.7965340499635,-17.8170203406368 15.7966671622134,-17.8171532109808 15.7967085214315,-17.8171944915252 15.7967625616203,-17.8172484293614 15.796961282317,-17.8174427386625 15.79732524227,-17.8177982414276 15.7978972774462,-17.8183573183797 15.7985747977026,-17.8191467116753 15.799535281083,-17.8204668297802 15.8007124791531,-17.8219351768613 15.8011693176613,-17.8224514192355 15.8015476834149,-17.8227857708232 15.801620401471,-17.8228266302806 15.8019264008793,-17.8229989791764 15.8023997997121,-17.8232277610685 15.8030938801565,-17.8235784874492 15.8038199980323,-17.8238384982234 15.8056038016602,-17.824374899736 15.8076244808719,-17.8249575603517 15.8099569193141,-17.8256170804479 15.811156438459,-17.8259393716075 15.8127057694625,-17.8263564230691 15.813323724122,-17.826522761395 15.8142351564778,-17.826768092132 15.8148939577409,-17.826960692123 15.8154047984449,-17.8271099981712 15.8163300598039,-17.8273803748748 15.8168707073634,-17.8275383593266 15.8169483112877,-17.8275610356955 15.8169935177304,-17.8275742455696 15.8187459590176,-17.8280863178848 15.8191405232081,-17.8281936927978 15.8204667594969,-17.8285428918718 15.8213192402988,-17.8287578989874</coordinates></LinearRing></outerBoundaryIs></Polygon></MultiGeometry>
  </Placemark>
  <Placemark>
	<Style><LineStyle><color>ff0000ff</color></LineStyle><PolyStyle><fill>0</fill></PolyStyle></Style>
	<ExtendedData><SchemaData schemaUrl="#lfieemgs">
		<SimpleData name="region">Oshana</SimpleData>
		<SimpleData name="const">Ondangwa Urban</SimpleData>
		<SimpleData name="population">31466</SimpleData>
	</SchemaData></ExtendedData>
      <MultiGeometry><Polygon><outerBoundaryIs><LinearRing><coordinates>15.9993286130294,-17.8704833987285 15.9993286133979,-17.8798217771275 15.9993286130082,-17.8906860348084 15.9993286131709,-17.8991088869574 15.9993286135436,-17.9018235562636 15.9993286134039,-17.9022216796939 15.9993352206034,-17.9024154990655 15.9995117184241,-17.9075927738367 15.9995117383496,-17.9177192614209 15.9995117388259,-17.9189429026249 15.9995117379816,-17.9213826972194 15.9995117378515,-17.9214455944502 15.9995117377851,-17.9214719998499 15.9995117380014,-17.9215341626199 15.9995117378999,-17.9215590611525 15.9995117382987,-17.9215909312047 15.9995117264356,-17.9286214293736 15.9995117219976,-17.9299757879952 15.9995117183795,-17.9310913082951 15.999506429792,-17.9311788057375 15.9993286128833,-17.9341205186293 15.9992874659974,-17.9417114259134 15.9992686878435,-17.9417114258605 15.994323730699,-17.9417114255866 15.9868774413502,-17.9417114262017 15.9815063479678,-17.941711425567 15.9713134761013,-17.9417114260039 15.9652150744213,-17.9345277819605 15.9641113283866,-17.9332275388752 15.9587611908782,-17.9332630072911 15.9481806911465,-17.9332912428576 15.9430305622971,-17.9333047781766 15.94365274737,-17.9322721279124 15.9437089230328,-17.9312207421141 15.9434891624409,-17.9303829749562 15.9434501793765,-17.9293356628929 15.9439595509202,-17.9278353099623 15.9446374081581,-17.9262302495707 15.9449689334941,-17.9250608461334 15.9459716260149,-17.924397024866 15.9473718263285,-17.9240699802339 15.9494455994426,-17.9238421732912 15.9513068607325,-17.9234367866537 15.9516114319795,-17.9223958318004 15.9519750198428,-17.9217094093141 15.9528775722146,-17.9210832544349 15.9535866898998,-17.9202103449365 15.9525146488909,-17.918884277376 15.9515485995619,-17.917712526765 15.950048182292,-17.9158925859236 15.9497233988828,-17.9154986320672 15.9495287249702,-17.9152624963605 15.9495181475484,-17.9152496662659 15.9493154453269,-17.9150037909693 15.9489572767302,-17.9149198793935 15.9487449254014,-17.9148701289623 15.9483650369223,-17.9147672181831 15.948010427042,-17.9146583373861 15.9474274244824,-17.9144793273091 15.9468045043122,-17.9142880591222 15.9461329878405,-17.9141570435719 15.9455606099347,-17.9140453679524 15.9454474621498,-17.9140232920525 15.9452004871247,-17.9139739238167 15.9444721185309,-17.9138283281412 15.9443275750428,-17.913835525304 15.944015284298,-17.9138510734619 15.9436458395161,-17.9138662493726 15.9431994120942,-17.9138725462345 15.9430424786721,-17.9138747598198 15.9428916245838,-17.91385049919 15.9427280527789,-17.9138241927278 15.9425193485326,-17.9137906278492 15.942251833065,-17.9135588538746 15.9419697648767,-17.9133947416295 15.9418449732228,-17.9129605214099 15.9418422890043,-17.9127810693053 15.9418398710747,-17.9126193963549 15.9418348414864,-17.9122830560098 15.9418738741844,-17.9119729908283 15.9419388055693,-17.9114571814254 15.941922190207,-17.9111315698736 15.9419007716295,-17.9107118238734 15.9422428999147,-17.9098558123312 15.942374838464,-17.9095221595176 15.9423917210677,-17.9090616124487 15.9425193571869,-17.9083520997985 15.9425537308479,-17.9079921845346 15.942428378511,-17.9076527980128 15.9424307079107,-17.907259913014 15.9423757094928,-17.9069886500162 15.9423867073614,-17.9068288602495 15.942401320208,-17.9066165465153 15.9424081825616,-17.9065168491486 15.9421262337653,-17.9061798898365 15.941627706789,-17.9055840917035 15.9415069946495,-17.9054398259033 15.941141440416,-17.9050029424621 15.941013860207,-17.9048504669985 15.9407250440469,-17.9045052919447 15.9405675410522,-17.9043170527656 15.9405367539699,-17.9039563766727 15.9405271605253,-17.9035913577175 15.9403190066574,-17.9032277946214 15.9401706958978,-17.9032457270039 15.9398728231426,-17.9032817427034 15.9397205650464,-17.9033047889849 15.9396769070293,-17.9033113970287 15.9396324773956,-17.9033181219128 15.9393591986794,-17.9033594851258 15.93911401694,-17.9033725155481 15.9387336664035,-17.9033927296375 15.9383806699694,-17.9034140217499 15.9381052961235,-17.9034331882393 15.9378951339029,-17.9034078797029 15.9378844451164,-17.9032399707036 15.9378450270006,-17.9026207383634 15.9378182029237,-17.9021993608636 15.9378155089328,-17.901869192459 15.9378133388545,-17.9016033388666 15.9378317349459,-17.9014646549424 15.937848569084,-17.901337748953 15.9378481591354,-17.9010927478436 15.9377601168314,-17.9009859318425 15.9376215699948,-17.9010888356157 15.9368315776958,-17.9016755911696 15.9352236852634,-17.9016448094329 15.9345848100874,-17.9009155216721 15.93406680677,-17.9004443853884 15.9327802791168,-17.8998674428667 15.9321748321856,-17.8998626062578 15.9316818399277,-17.8997668359947 15.930540446287,-17.8995450998973 15.9293828716583,-17.8993202139179 15.9288481727902,-17.8991018630253 15.9278672050023,-17.8987012688723 15.9267433295823,-17.8984091590218 15.9261246928774,-17.8981418238629 15.9257475656656,-17.8980886084256 15.9250320672057,-17.8979876443392 15.9243433686975,-17.8978904591208 15.9232595265724,-17.8976533707125 15.9223852995499,-17.8976887392343 15.9216518053504,-17.8977184105587 15.9210814572444,-17.8977414806283 15.9206310373847,-17.89770066641 15.9204918840751,-17.8971155610205 15.9205669675313,-17.8966043437925 15.9206817105845,-17.8958984391213 15.920771159681,-17.8953481424586 15.9207763086138,-17.8950116741177 15.9207857085226,-17.8943973429011 15.9207998731551,-17.8934716289224 15.9209175331814,-17.8923280967278 15.9210778098567,-17.8917971964558 15.9214634075658,-17.8913683404653 15.9219444462421,-17.8908333306158 15.9213898745093,-17.8901781766933 15.921187095239,-17.8899386186824 15.920481665985,-17.889105235156 15.9195752210328,-17.8880343601863 15.9198940508569,-17.8878752152179 15.9205376075513,-17.8875539805629 15.9212527276393,-17.8870520877304 15.9220837546678,-17.8863748834358 15.9223636374349,-17.8856726345592 15.9217708088672,-17.8849435634972 15.9213428599653,-17.8841501785877 15.9210211850421,-17.8835538128657 15.9206232847015,-17.8830694801756 15.9202184791187,-17.8825767395534 15.9201454873447,-17.8822834892336 15.9199803712043,-17.8816201211812 15.9198743318617,-17.8808949476428 15.9197806321184,-17.8802541614379 15.9198019024136,-17.879721914291 15.9198224087419,-17.8792087865769 15.9202041039624,-17.8784379812438 15.920437958006,-17.8774363421846 15.9207306245312,-17.8767781024118 15.921005593742,-17.8761596592857 15.9211598084966,-17.8758128071109 15.9214152077317,-17.875196675955 15.9219056737259,-17.8740134511085 15.9224887586868,-17.8725430982641 15.9227332627624,-17.872008850465 15.9230008108874,-17.8714242484717 15.9237644411006,-17.8704827361452 15.9245059724672,-17.8698184257384 15.9250576391659,-17.8693242036221 15.925106615631,-17.868818617977 15.9248275087676,-17.8678711314831 15.9247259571191,-17.8671889840025 15.9245929150038,-17.8663964760538 15.9247279539558,-17.865543664786 15.9247405776487,-17.8654639420182 15.9261814649525,-17.8668680741307 15.9279760698152,-17.8685078364963 15.9289077233571,-17.8694875713661 15.9293325990892,-17.8699343688869 15.9298356098567,-17.8706185507158 15.9299087728266,-17.8707180636439 15.9299717402803,-17.8708037096303 15.9301993433148,-17.8711132860294 15.9308461655239,-17.8719930616148 15.9313597766198,-17.8730028042318 15.9319579259301,-17.8741787314018 15.9320447163035,-17.8743493542247 15.9322953465998,-17.874842073365 15.932526384142,-17.8751394966596 15.9326435125998,-17.8752902817176 15.9326639865102,-17.875316638094 15.9326734922561,-17.8753288750146 15.9327022800775,-17.8753659341559 15.9331354975415,-17.8759236271207 15.9330986575781,-17.8744033149547 15.9330942027402,-17.8742194921508 15.9330455445524,-17.8736455141991 15.9329489682342,-17.8725062862578 15.9329219969546,-17.8720554771679 15.9329015298142,-17.8717133864541 15.9326782228209,-17.8679809568258 15.9323126454758,-17.8607912720688 15.9323120114012,-17.8607788081794 15.9370373583926,-17.860721185712 15.9373168941365,-17.8607177736331 15.9373938995403,-17.8607158967358 15.9423217777885,-17.8605957030194 15.9566630904401,-17.8604296416491 15.9581298829502,-17.8604125977355 15.9589212003507,-17.8603959489584 15.9639282221933,-17.860290527386 15.9659695825209,-17.8602905340129 15.9672851567043,-17.8602905274627 15.970314856289,-17.8602255988449 15.9815063480225,-17.8599853514612 15.9849243162809,-17.8599853517816 15.9891928197546,-17.8599431103344 15.9910888674322,-17.8599243163831 15.9917997511102,-17.8599137985435 15.9931159520826,-17.8598943178352 15.9992748009149,-17.859803044312 15.9993286130725,-17.8598022462224 15.9993286128709,-17.8640747073183 15.9993286130294,-17.8704833987285</coordinates></LinearRing></outerBoundaryIs></Polygon></MultiGeometry>
  </Placemark>
  <Placemark>
	<Style><LineStyle><color>ff0000ff</color></LineStyle><PolyStyle><fill>0</fill></PolyStyle></Style>
	<ExtendedData><SchemaData schemaUrl="#lfieemgs">
		<SimpleData name="region">Oshana</SimpleData>
		<SimpleData name="const">Ongwediva</SimpleData>
		<SimpleData name="population">44166</SimpleData>
	</SchemaData></ExtendedData>
      <MultiGeometry><Polygon><outerBoundaryIs><LinearRing><coordinates>15.8700031955016,-17.6857429216008 15.8699242784494,-17.6859345582134 15.8701280384152,-17.6858549124821 15.870220909261,-17.6859168454746 15.8702735849676,-17.6859519735614 15.8711490018705,-17.6865357594744 15.8728510801295,-17.6866492535634 15.8735887197851,-17.6860251867433 15.8742504387278,-17.6865924349629 15.8743457995739,-17.6866741817103 15.8747799591561,-17.6870463302807 15.8758581564605,-17.6886916200229 15.8760280769463,-17.6897128535836 15.8767092003181,-17.6905637979139 15.8770493994871,-17.6913580530053 15.8772473101462,-17.692348229853 15.8775033595148,-17.6937975901478 15.8779573224844,-17.6951025030273 15.8785811968988,-17.6960102382798 15.8784929996386,-17.6981714514974 15.8784929994254,-17.6983322374454 15.8789761167172,-17.6984227831135 15.8796979186188,-17.6985581372335 15.8804611197495,-17.6988415523273 15.8810158772795,-17.6990476533056 15.8825595595984,-17.6994618302947 15.8844529433363,-17.7004263665871 15.8845550416714,-17.7004783768054 15.8859860402849,-17.7013067431322 15.8894481695283,-17.7044656712517 15.8893941600039,-17.7053450822615 15.8893960344497,-17.70543844199 15.8893965919659,-17.7054662524002 15.8893992078423,-17.7055965966028 15.889400644795,-17.7056224082623 15.8894008018279,-17.7056252268242 15.8894009376541,-17.7056276622288 15.8894240386962,-17.7060427226736 15.8897509186037,-17.7064956920207 15.8899273231098,-17.7067641616392 15.8902963178963,-17.7074184600678 15.8907240016404,-17.7080895010891 15.8909000412424,-17.7085508408516 15.8912441991656,-17.7088863599707 15.8917399213752,-17.7092918093777 15.8922255565574,-17.7096329118641 15.8927493630443,-17.7097965277395 15.8935229970028,-17.7100657174409 15.8945324390644,-17.7103012490003 15.8952873566198,-17.7103627201004 15.8954363736914,-17.7107485065025 15.8955228803373,-17.7109724611169 15.8955206250463,-17.7111758858648 15.8955126403052,-17.7113268609219 15.8955055178867,-17.711461528285 15.8957319602869,-17.7122919608219 15.8960131214552,-17.7139689316741 15.8967198004942,-17.7158531680497 15.8969552394485,-17.7163242320585 15.8973817348837,-17.7172756861602 15.8973926383123,-17.7173000106509 15.8973469206566,-17.7178722330825 15.8967752430042,-17.7189439481355 15.8957035204476,-17.7205515292665 15.8949532833765,-17.721873357206 15.8940601190351,-17.7239096076344 15.8931673220053,-17.7245882995115 15.892559996943,-17.7252313469264 15.8919526826491,-17.7264817191433 15.8901307197797,-17.7276963599137 15.8884866002754,-17.7286678198827 15.8882281165554,-17.7294700788252 15.888174122829,-17.7294923116517 15.8881197633413,-17.7295145432944 15.8879728776404,-17.7295679994652 15.8877741618394,-17.729629112584 15.8876593221806,-17.7296591716532 15.8875268417503,-17.729689317683 15.8873745629862,-17.7297187515576 15.8871992373766,-17.7297461087679 15.8869976377115,-17.729769781895 15.8868471622966,-17.7297814812378 15.886696681078,-17.729788317496 15.8863953581049,-17.7297953432042 15.8861944772527,-17.7298013700955 15.8860800021686,-17.7298073098459 15.8860260024229,-17.729809561809 15.8859705575498,-17.729809832558 15.8858560813914,-17.7298054202553 15.8856195626716,-17.7297876875578 15.8854622404911,-17.7297785130481 15.885374759397,-17.729777342414 15.885277562202,-17.7297816597512 15.8852278774049,-17.7297870590069 15.8851764003311,-17.7297957011686 15.8851234772535,-17.7298082973602 15.8850698386193,-17.7298263911007 15.8850162005012,-17.7298514110981 15.8849636424233,-17.7298851585142 15.8849136021109,-17.7299294365465 15.8844063614848,-17.7305592614355 15.8838310819439,-17.7305288371325 15.8837828407879,-17.7305374828597 15.8837248808497,-17.7305661926332 15.8836665594138,-17.7306229830126 15.8836053574206,-17.7307218909456 15.8835740433708,-17.7307892129982 15.8835221962273,-17.7309153913381 15.8834822403245,-17.7310106095801 15.8834494779161,-17.7310787418361 15.8834221166946,-17.731126533441 15.883382156263,-17.7311830496445 15.8833220391265,-17.7312423600732 15.8830790416981,-17.7314301909198 15.88289399898,-17.7315706804808 15.8827514418409,-17.7316721992936 15.8826423592521,-17.7317446505789 15.882558841434,-17.7317962201205 15.882430318123,-17.7318683130738 15.8822971187887,-17.7319328405519 15.8817765596996,-17.7321608109024 15.8809924781895,-17.7324909284767 15.8802040765941,-17.7328102479506 15.8797871999219,-17.7329679327607 15.8791575582255,-17.7331942830946 15.8788447221913,-17.7333124478177 15.8785358395482,-17.7334399828394 15.8784242367832,-17.7334914595948 15.8782204776037,-17.7335983824116 15.8780476785426,-17.7337009768093 15.8777524767576,-17.7338939432182 15.877316159091,-17.7341934593101 15.8770947576615,-17.7343371877382 15.8768672411793,-17.7344703907989 15.8754423591845,-17.7351623126172 15.8753649573002,-17.7352064113344 15.875294401642,-17.7352505971342 15.8751125974409,-17.7353810065571 15.8722876833296,-17.7373642531608 15.8687809226341,-17.7404814899012 15.8674820429834,-17.7420402021488 15.8658584375691,-17.7448977026073 15.8640400824267,-17.7486643818823 15.8631759184392,-17.7500511080652 15.8624194229424,-17.7512650369629 15.8631141595647,-17.7521891816621 15.8634244795546,-17.7528182820227 15.8640703199117,-17.7537661620862 15.8648756403079,-17.7548482320704 15.865236359693,-17.7555779520125 15.8657565597031,-17.7561316319501 15.8664527999662,-17.7566097120391 15.8676354000908,-17.7570626816711 15.8688014399649,-17.7574989122329 15.8699088000144,-17.7580608718729 15.8714100003158,-17.7590087521943 15.8733982800941,-17.7591178315997 15.8738511596109,-17.7592269119313 15.8744131199362,-17.7597385620295 15.874664760432,-17.7606696120806 15.8751597595296,-17.7622046522682 15.8759481603975,-17.7640920420024 15.8760237595533,-17.7648469620181 15.8760207960501,-17.764978122376 15.8760237628972,-17.7650077504398 15.8759851042445,-17.7667167882501 15.8762671201843,-17.7673382520496 15.8770720802553,-17.7682022521411 15.877927800358,-17.7690075716991 15.8789426399728,-17.7699302515713 15.879422062258,-17.7704047874225 15.8797900800495,-17.7707690516628 15.8804776799682,-17.7714904917692 15.8807594124383,-17.7717394919386 15.8814172798171,-17.7723209218969 15.8816937284636,-17.7725618261648 15.882071760038,-17.7728912523139 15.882792840025,-17.773453301654 15.8834138401603,-17.7739649519834 15.8841939602217,-17.7745270015398 15.8850745199267,-17.775105792316 15.8871297595811,-17.7764647018032 15.8897969996962,-17.7781926121338 15.8916258003675,-17.7793166218061 15.8930348403557,-17.7800883719779 15.8939827196414,-17.7807258417702 15.895064880176,-17.7815227916162 15.896851560326,-17.7830242619847 15.898579559656,-17.7845089916283 15.9000894002457,-17.7860272023298 15.90130584013,-17.7870841617802 15.9022954795799,-17.7882753116275 15.9032181599219,-17.7895921918108 15.9035623204504,-17.7904646520901 15.9039061198019,-17.7911021218621 15.9045940803988,-17.7918234720331 15.9061795198905,-17.7931237020822 15.9075658796223,-17.7945979016174 15.9075423562141,-17.7947336731221 15.9074627944634,-17.7951928451051 15.9074285035785,-17.7953907510362 15.9074184184011,-17.7954489577592 15.9066323998416,-17.7999852119197 15.9053662801262,-17.8031737316504 15.9045008397975,-17.8052714518886 15.9035288397535,-17.8076269320931 15.9023123998852,-17.8093297323123 15.9005761197304,-17.8112002919834 15.8999972396757,-17.8125172616969 15.8995357196433,-17.8142452615598 15.899030640031,-17.8157964119276 15.898563,-17.8172314616676 15.8979758399332,-17.8181625117763 15.8970362402419,-17.8193956017336 15.8962561198839,-17.8201337822244 15.8956354800435,-17.8206621720043 15.8951656798465,-17.8210984020531 15.8947210802432,-17.8216688216233 15.8944021202669,-17.8224908821795 15.8941087200031,-17.82335479215 15.8939645662677,-17.823633716357 15.8935971599647,-17.8243446117612 15.893600616267,-17.8244987146881 15.8935971607236,-17.8245054009182 15.8936306424296,-17.8259984968865 15.8938066796875,-17.8264599305541 15.8938487970728,-17.8268541315525 15.8938642280587,-17.828987274091 15.8938653625152,-17.829144092021 15.8937479997819,-17.829555120531 15.8936581669615,-17.8298071942568 15.8936062412994,-17.8299529009007 15.8935687216298,-17.8300581815438 15.893404201765,-17.8305198273418 15.8928422366547,-17.8315180227336 15.8923389613402,-17.832189062889 15.8921459970307,-17.8325581527963 15.8919026402052,-17.833086538601 15.8918207766399,-17.8334038912425 15.8917159019885,-17.833810444846 15.8918270402132,-17.8346118121636 15.8918857197022,-17.8357693923373 15.8918784308779,-17.8357863977496 15.8918857192581,-17.8359301803273 15.8917781465068,-17.8361811755268 15.8917633084706,-17.8362157955457 15.8917473028203,-17.8362531416594 15.8916088820255,-17.8365761118675 15.8914902833293,-17.8367913851818 15.8913963144292,-17.8369619499686 15.8913824372939,-17.8369871387046 15.8914159178263,-17.837314291526 15.891659280512,-17.8377587976313 15.8917737425194,-17.838208384293 15.8917852827655,-17.8382537127008 15.8917643022154,-17.8384636320021 15.8917608443335,-17.838498228964 15.8917591983574,-17.8385146954517 15.8917265972717,-17.8388408724033 15.891659277876,-17.8390254589809 15.8914328382047,-17.8394281212722 15.8908960770046,-17.840199781873 15.8901242396629,-17.8407869391056 15.8897217613406,-17.8411560314635 15.8889247201615,-17.8415167502518 15.8883292786286,-17.8420785330033 15.8882537652357,-17.8422193208596 15.8882048273321,-17.8423105606855 15.8873291012209,-17.8421020505379 15.883483886887,-17.841308594102 15.8818792413401,-17.8412210746642 15.8816378474602,-17.8412079075218 15.8815125494951,-17.8412010729919 15.8806118964716,-17.841151944829 15.8800669207992,-17.8410997815376 15.8772074364286,-17.8408885478775 15.8768445582585,-17.8408617281005 15.8755031993412,-17.8407377084707 15.8746334367472,-17.8406573430661 15.8743633220621,-17.8406459256304 15.8736203763704,-17.840614519817 15.8734645212894,-17.8406079311622 15.871399920287,-17.8403542224405 15.8713703985865,-17.8403506198741 15.8694094816399,-17.8401096012263 15.8669611230761,-17.8398891893935 15.8660135981704,-17.8397799290471 15.8653029606351,-17.8396413308092 15.864434281379,-17.8395323422279 15.8638975236309,-17.8394537692563 15.8625273608926,-17.8392532528391 15.8617061981872,-17.8390990795668 15.8610589214117,-17.8389605681331 15.8603169564913,-17.8387309814501 15.8597010003119,-17.8385169567794 15.8557867175988,-17.8369144195776 15.8553129630908,-17.8367239805984 15.8547329987397,-17.836490790807 15.853170963496,-17.8355471420727 15.8523033632421,-17.8350144314129 15.8516553613785,-17.8345770284371 15.8516106869779,-17.8345468813903 15.8515295961566,-17.8344921599328 15.8514296435362,-17.8344247101594 15.8511168221576,-17.8342136137563 15.8471069340263,-17.8327026362724 15.8465816544382,-17.8325245806083 15.8456781765872,-17.832218321407 15.8446332008803,-17.8318640916531 15.8445644356579,-17.8318407809036 15.8444691360076,-17.8318084755109 15.8441155008341,-17.8316885984338 15.8433260426873,-17.8313961591842 15.8423313625939,-17.8312109409004 15.841462682249,-17.8310716170954 15.8400730761505,-17.830945532428 15.8399964234018,-17.8309457809592 15.8391796899273,-17.830948426074 15.8378770785753,-17.830952638511 15.8338627226964,-17.8308882868263 15.8330044795683,-17.830874522397 15.8305201232481,-17.8308347394938 15.829525080622,-17.8307554481219 15.828846117941,-17.8306772421634 15.8282143176946,-17.8305840897003 15.8278827617872,-17.8305526779377 15.8272394375185,-17.8304594387641 15.8259290375906,-17.8301217627859 15.8234504423306,-17.8293559515195 15.8213192402988,-17.8287578989874 15.8204667594969,-17.8285428918718 15.8191405232081,-17.8281936927978 15.8187459590176,-17.8280863178848 15.8169935177304,-17.8275742455696 15.8169483112877,-17.8275610356955 15.8168707073634,-17.8275383593266 15.8163300598039,-17.8273803748748 15.8154047984449,-17.8271099981712 15.8148939577409,-17.826960692123 15.8142351564778,-17.826768092132 15.813323724122,-17.826522761395 15.8127057694625,-17.8263564230691 15.811156438459,-17.8259393716075 15.8099569193141,-17.8256170804479 15.8076244808719,-17.8249575603517 15.8056038016602,-17.824374899736 15.8038199980323,-17.8238384982234 15.8030938801565,-17.8235784874492 15.8023997997121,-17.8232277610685 15.8019264008793,-17.8229989791764 15.801620401471,-17.8228266302806 15.8015476834149,-17.8227857708232 15.8011693176613,-17.8224514192355 15.8007124791531,-17.8219351768613 15.799535281083,-17.8204668297802 15.7985747977026,-17.8191467116753 15.7978972774462,-17.8183573183797 15.79732524227,-17.8177982414276 15.796961282317,-17.8174427386625 15.7967625616203,-17.8172484293614 15.7967085214315,-17.8171944915252 15.7966671622134,-17.8171532109808 15.7965340499635,-17.8170203406368 15.7963212026724,-17.8168078804402 15.7962878761432,-17.8167856938453 15.7958639966622,-17.8165035024728 15.7955803218625,-17.8162149590738 15.7949783971992,-17.8158071673625 15.7912991991653,-17.8157952020614 15.7852998014112,-17.8157951123949 15.7809121187081,-17.8157951088104 15.7799559607893,-17.8157951063921 15.7440319209494,-17.8157951972551 15.736516561213,-17.8157951077981 15.7353048033229,-17.8157949337065 15.7353047968125,-17.7982995606302 15.735304797967,-17.7899696110796 15.735304800989,-17.7872414403034 15.7353048016056,-17.7851271611249 15.7353047975351,-17.7839843429514 15.7353047972305,-17.7833571289576 15.7353048026857,-17.7660373497491 15.7353051598791,-17.7523052412289 15.7353051632081,-17.7508007083506 15.7380238768703,-17.7508997109306 15.7459741163444,-17.7511893293206 15.757689242509,-17.7516161070033 15.767213397069,-17.7519629705187 15.7672447183341,-17.7510922176131 15.7672717164038,-17.7503495429911 15.7674419995122,-17.7496291793183 15.7675543176062,-17.7488537394511 15.7675485565402,-17.7486750875056 15.7675435202008,-17.7485153409955 15.7675975177112,-17.7477885034972 15.7678844362751,-17.7468490794066 15.7679222392512,-17.7467244308142 15.768037078732,-17.7461862324478 15.7681659617925,-17.7455823299114 15.7686534002061,-17.7439472067874 15.7690054813331,-17.7432466486635 15.769709996037,-17.7423126328936 15.7702784366684,-17.7410411094243 15.7706305179112,-17.7400808977219 15.7706031626485,-17.7392241018147 15.7701693591107,-17.7382890891204 15.7697351984431,-17.7375098688709 15.7694097622247,-17.7369448495836 15.7691656817067,-17.7364773921825 15.7691026804054,-17.7363168274939 15.7689215983075,-17.7358540496132 15.7685144374902,-17.7348411872039 15.7679449202101,-17.7335685016357 15.7674020365328,-17.7316209032766 15.7668325192085,-17.7300107096137 15.7666424400391,-17.7291798309859 15.766615078673,-17.7285047384332 15.7666147174441,-17.7280415124233 15.7666147177274,-17.7275441680058 15.7668584398313,-17.7268694431001 15.7672119612247,-17.7261551112079 15.7675356034738,-17.7255006334038 15.7675356017272,-17.7252929111041 15.7674812405176,-17.72474769327 15.7672097987188,-17.7240465004222 15.7669927213635,-17.7234491723938 15.7667216412984,-17.722747981268 15.7662874828596,-17.7221244603404 15.7658266783928,-17.7217605926407 15.765176160067,-17.7214224574519 15.7648237192592,-17.7212143824044 15.7645796422356,-17.7208766974728 15.7644982775061,-17.7202016081304 15.7646332816612,-17.7194228430394 15.7647956387443,-17.7186182376168 15.7651477224769,-17.7178137317697 15.7656085167885,-17.7171391822143 15.7663940389366,-17.7165428429519 15.7677220824486,-17.7160768197872 15.7687790390944,-17.7158701812091 15.7700797199545,-17.7156637223957 15.7707381570914,-17.7156080073164 15.7715974807307,-17.7155352930964 15.7726274401374,-17.7154584271381 15.7734403207098,-17.7150697177288 15.7738737616586,-17.7145508674722 15.7742798434782,-17.7133116593508 15.7742798428153,-17.7130000825768 15.7741167583031,-17.7122730594931 15.7741437617951,-17.7115980571551 15.774387481762,-17.7108713993996 15.774820917997,-17.7104823299901 15.7753558761329,-17.7102492268321 15.7759250362048,-17.7102496785349 15.7766569222494,-17.7104321101625 15.7774971608012,-17.7106665630552 15.7782290369046,-17.7107969725251 15.7790689216978,-17.7106939228743 15.7797194391815,-17.71040889037 15.7802612379639,-17.7099420603991 15.780857399604,-17.7096570306046 15.7813721985207,-17.7094238404982 15.7819953595862,-17.7093984606524 15.7825918796819,-17.7095287771264 15.7834051182551,-17.7099189299672 15.78405564199,-17.7101791204683 15.7847601594322,-17.7103095288577 15.7858858820017,-17.7102048613824 15.7871451597465,-17.710051951975 15.7888252823614,-17.7095601872969 15.7893940835752,-17.7092750714215 15.7896921563588,-17.7089378380957 15.7898815179993,-17.7085225806388 15.7898811613809,-17.7077697319833 15.7898537980811,-17.7067572310273 15.7895820011637,-17.7054588889811 15.7893649193841,-17.7043164321285 15.7893102004526,-17.7034596280294 15.7892281238255,-17.7020576971615 15.7891464015427,-17.7009218100762 15.7890974373658,-17.7008067929155 15.7889023184421,-17.7003504930374 15.7887640787046,-17.700034856744 15.7885495219613,-17.6995453465698 15.7884674434625,-17.6978577596356 15.7885484379373,-17.6969232871484 15.7888191620403,-17.6962484730257 15.7890358824695,-17.6958592236299 15.7900381203762,-17.6954967004718 15.790979877096,-17.6951859279041 15.7916300382294,-17.6949528316135 15.7922261980201,-17.6945120075545 15.7928220015188,-17.6938374631479 15.7936615193212,-17.6931631814612 15.794727482368,-17.692476568856 15.7950701960146,-17.6922557099037 15.7959100798374,-17.6917890615464 15.7972377622289,-17.6911930778246 15.7985107189195,-17.6900258678127 15.7990791617768,-17.6886828005008 15.7994852398128,-17.687566803567 15.7999453197381,-17.6865287369273 15.800378400376,-17.685672299948 15.8007027603487,-17.6844524402813 15.8008921178185,-17.6835438881864 15.8011084794376,-17.6826873581931 15.8013702003614,-17.6811876881844 15.8016312017769,-17.6806609205079 15.801735957101,-17.6803110907488 15.8103471606129,-17.6807123996838 15.8343631205461,-17.6818314618179 15.8404543184565,-17.6821153199452 15.8474660426837,-17.6824420204405 15.867703081648,-17.6833850381893 15.8701152050592,-17.6834974711775 15.8702634025227,-17.6835043775984 15.8701039176066,-17.6836699786512 15.8699469583235,-17.6844771933092 15.8700214776387,-17.6850732625275 15.8700812386648,-17.6855534074022 15.8700031955016,-17.6857429216008</coordinates></LinearRing></outerBoundaryIs></Polygon></MultiGeometry>
  </Placemark>
  <Placemark>
	<Style><LineStyle><color>ff0000ff</color></LineStyle><PolyStyle><fill>0</fill></PolyStyle></Style>
	<ExtendedData><SchemaData schemaUrl="#lfieemgs">
		<SimpleData name="region">Oshana</SimpleData>
		<SimpleData name="const">Oshakati East</SimpleData>
		<SimpleData name="population">39915</SimpleData>
	</SchemaData></ExtendedData>
      <MultiGeometry><Polygon><outerBoundaryIs><LinearRing><coordinates>15.7353051598791,-17.7523052412289 15.7353048026857,-17.7660373497491 15.7353047972305,-17.7833571289576 15.7353047975351,-17.7839843429514 15.7353048016056,-17.7851271611249 15.735304800989,-17.7872414403034 15.735304797967,-17.7899696110796 15.7353047968125,-17.7982995606302 15.7353048033229,-17.8157949337065 15.736516561213,-17.8157951077981 15.7440319209494,-17.8157951972551 15.7799559607893,-17.8157951063921 15.7809121187081,-17.8157951088104 15.7852998014112,-17.8157951123949 15.7912991991653,-17.8157952020614 15.7949783971992,-17.8158071673625 15.79467851743,-17.8161202789638 15.7940467176914,-17.8173014393448 15.7940013581216,-17.8173677711167 15.7939671606166,-17.817417629501 15.7936734002169,-17.8178471969641 15.7934156422111,-17.8182243909924 15.7928972375243,-17.8189325967154 15.7928623019273,-17.8189895931365 15.7925566392407,-17.8194882748256 15.7924527938771,-17.8196576952312 15.7924234784753,-17.819705521996 15.7921074020303,-17.8203929387235 15.7918816773287,-17.8208870371573 15.7913643596518,-17.8211432674288 15.7909263311017,-17.82120145391 15.790785336848,-17.8212201834273 15.7905777596057,-17.8212477565584 15.7897681225851,-17.8214598889184 15.7894081179735,-17.8216736411073 15.7889581219594,-17.8220592869588 15.7885747183953,-17.8226549984244 15.7885339230272,-17.8233995994076 15.7885275637662,-17.8235156680153 15.7885050211533,-17.8236800307404 15.7884847750451,-17.8238276450689 15.7884788496807,-17.82387085096 15.7884361212217,-17.8241823929403 15.7877827236843,-17.8249545891735 15.7876633481953,-17.825094722833 15.7873179608617,-17.8255001705746 15.7872887032972,-17.8255344961633 15.7868139591232,-17.8260914705376 15.7862718018279,-17.8273160125069 15.78624624158,-17.8285856403801 15.7865810408027,-17.8295984100237 15.7870299594115,-17.8298584177665 15.7876664386783,-17.8297932615348 15.7880412027481,-17.8297548295555 15.7887385174828,-17.8293701707904 15.7889682265853,-17.8292676190323 15.7895031571332,-17.8290288024107 15.789948829194,-17.8289723839428 15.7901272267139,-17.8289498002611 15.7902645208365,-17.8289324190392 15.7904920803453,-17.8289036109182 15.7915926026404,-17.8291230332158 15.7921527608845,-17.829749339309 15.7922852371219,-17.8307183722975 15.7922994798685,-17.8313755410321 15.7923057614091,-17.831665350503 15.7923465811528,-17.8324242439669 15.7923485994596,-17.8324617618898 15.7924151967809,-17.832849390843 15.7924522764923,-17.8329457775911 15.7928842775252,-17.8340725806625 15.7935326422927,-17.8354308626636 15.7940481598326,-17.836056990642 15.7946079634425,-17.8368769795563 15.7954147225405,-17.8377840012721 15.7961098820185,-17.8383892521058 15.7966939001545,-17.8389374798877 15.7969616426469,-17.8391888123815 15.7974279788792,-17.8397277817831 15.79752215715,-17.8398366279623 15.7975214372507,-17.8401094682213 15.7975199982073,-17.8406544612689 15.79748665451,-17.8414303340345 15.7974728371876,-17.8417518313499 15.7973979938016,-17.8421871593101 15.7973360382317,-17.8425475204433 15.7973126367568,-17.8429779022665 15.7973335164162,-17.8435751426127 15.7975109983118,-17.8446734084012 15.7978238424806,-17.8454278772561 15.7982043594266,-17.8460103581309 15.7988195997275,-17.8466936384373 15.7991845598674,-17.8470711899144 15.7992947091818,-17.8471851400736 15.7993700409611,-17.8472630706452 15.7994696240182,-17.8474095162245 15.7995622018158,-17.8475456610835 15.799795563615,-17.8478888388669 15.8001764392755,-17.8483637715176 15.80035535736,-17.8486442111797 15.8006462434687,-17.849183398324 15.8008928393519,-17.8495501498394 15.8009821219713,-17.8497657925606 15.8014468816308,-17.8503916478593 15.8017381200722,-17.8508447126446 15.802119362253,-17.8511474666077 15.8021834710166,-17.8511980279412 15.8026129167904,-17.8515367223735 15.8026529647382,-17.8516295366932 15.8026660081532,-17.8516597652933 15.8026851989313,-17.8517042422877 15.8027245224121,-17.8517953782334 15.8027243260914,-17.8518921200161 15.8027241747603,-17.8519666268966 15.8027240795214,-17.8520134327428 15.8027239880009,-17.8520586956815 15.8027230819969,-17.8525055725501 15.8028105579217,-17.8535980818729 15.8028083965491,-17.8544804429356 15.8028000665598,-17.8547806931168 15.8027839206211,-17.8553627076426 15.8027594382208,-17.8561804519269 15.8027330493297,-17.856317710983 15.8026806750706,-17.8565901258298 15.8026699986865,-17.8566456545466 15.8026645754703,-17.8566738601229 15.8026230005822,-17.8568900992705 15.8023965627186,-17.8577500504732 15.8021662827659,-17.8585514438958 15.8021247597195,-17.8586959487114 15.8018759987685,-17.8594051465101 15.8016499191956,-17.8600068874117 15.8016034804417,-17.8605877504212 15.8017593574449,-17.8611694164419 15.8020279172534,-17.8616223907489 15.8022036810661,-17.8619005108044 15.8023414799957,-17.8621185576278 15.8024080783625,-17.8624846767538 15.8024148054164,-17.8625572212433 15.8024247622323,-17.862664601726 15.8024268174908,-17.8626867636797 15.802452000365,-17.8629583481434 15.8024289606814,-17.8632809993855 15.8020693214976,-17.8635494715734 15.8016321064922,-17.8637574177389 15.8015894385293,-17.8637777113585 15.8010544789205,-17.8640137821292 15.8007693621976,-17.8643814328164 15.800708161948,-17.8647219919124 15.8005591182163,-17.8652268916082 15.800265359206,-17.8659143989263 15.8000396361171,-17.8663654823621 15.7993862431426,-17.8671161673702 15.7994740811648,-17.8680204014029 15.7998088800487,-17.8690116589601 15.8003244020778,-17.8696593024793 15.8005498430566,-17.8698765628455 15.8008849207957,-17.8701994822801 15.801010055549,-17.8703419247087 15.8010935502991,-17.8704369668255 15.8013781227261,-17.8707608974152 15.8015120424226,-17.871105779845 15.8015563204155,-17.871407192855 15.8015559579261,-17.8715105079966 15.8015559617826,-17.8716438880685 15.8015102385403,-17.8718589897781 15.8013745214165,-17.8722888324056 15.8013286969676,-17.8724843550531 15.8013277889024,-17.8724882302726 15.8013232010005,-17.8725078075255 15.8013227911507,-17.8725095575096 15.8013224891032,-17.8725108474467 15.8013222764194,-17.8725117540084 15.8012838017961,-17.8726759176766 15.8011027159993,-17.8731701999143 15.8009597972128,-17.8735276781067 15.8007394784722,-17.8739683204695 15.8004246801389,-17.8742405644265 15.8002754413055,-17.8743696274881 15.7995060842223,-17.8750359935711 15.799412881025,-17.8751167193748 15.7990478423063,-17.8754948982132 15.798567602525,-17.8758648006212 15.7981964395737,-17.8762741236026 15.797836079636,-17.8767461679531 15.7976776812075,-17.8771544975447 15.7976316030757,-17.8777138466196 15.7978313966715,-17.8786400430784 15.7983908406806,-17.8798042808078 15.79877100053,-17.8805375135008 15.7988874961173,-17.8808998928176 15.798971879956,-17.8811623821113 15.7989484779693,-17.8816356933065 15.7988507331682,-17.8819154883016 15.7988037566587,-17.8820499606405 15.7987977612404,-17.8821582481327 15.7987923285889,-17.8822563619384 15.7987659587063,-17.8827326095923 15.7986644403656,-17.8830700131422 15.7985848779068,-17.8833344428951 15.7983137993783,-17.8839737121832 15.7980203967508,-17.8844245180778 15.7979665656862,-17.8844954630439 15.7977273633812,-17.8848107090386 15.7975689610852,-17.8852620589671 15.7973209196364,-17.8857560671098 15.7971848395176,-17.8862290188996 15.7970041166885,-17.8865726413277 15.7967614775902,-17.8870021212443 15.7963777231901,-17.8878184178292 15.79624164144,-17.888355902149 15.7959935977846,-17.8887423615044 15.7959244777737,-17.8893446419969 15.7959331169255,-17.889468659378 15.7959352826329,-17.8895010596609 15.7959680424552,-17.8899904802508 15.7959892816542,-17.8905500993685 15.7958981993961,-17.8910662522822 15.7956721195158,-17.8916463920123 15.7957156808313,-17.89222769666 15.7958496000087,-17.8926155124068 15.7958485212068,-17.8930459815489 15.7960051210729,-17.8933855531487 15.7960044026345,-17.8938159278485 15.7959799213535,-17.894547537333 15.7960231222261,-17.8953655496362 15.7960447201695,-17.8958175276227 15.7961556016675,-17.8964635486921 15.796356478513,-17.8970884194787 15.7964450368464,-17.8976052896884 15.7966685971183,-17.8981872323513 15.7967367331909,-17.8983139091528 15.7969818007422,-17.8987695290979 15.7971607194128,-17.8992221429742 15.7972042772706,-17.8997172279345 15.7971672010945,-17.9000649012098 15.7971866426729,-17.9001402287591 15.7970001586581,-17.9005773579683 15.7968194415089,-17.9008994729525 15.796459082076,-17.9012638821733 15.7963241003751,-17.9013772435332 15.7960763964201,-17.9015852696906 15.7956988527952,-17.9017960641151 15.7956937184515,-17.9017989311965 15.7952883567643,-17.9020556089858 15.794928003459,-17.902355577432 15.7947926390405,-17.9026778679649 15.79479191669,-17.9030006126602 15.7948808395116,-17.9033183974413 15.7950140398958,-17.9041367666807 15.7951925995838,-17.904675419327 15.7952811607153,-17.9052353098706 15.7952577631312,-17.9056010725359 15.7950993620991,-17.9060524173189 15.7949636389853,-17.9064177319644 15.7949402414319,-17.9067834872794 15.7952318388242,-17.9071505117118 15.7955007612269,-17.9073882880114 15.7958600405968,-17.9075618069468 15.7959705836239,-17.9075833979895 15.7961973596159,-17.9076276918784 15.7963539605002,-17.9079295522624 15.7963759168463,-17.9081879390587 15.7963964398736,-17.9090057695376 15.7963843366196,-17.9092797903718 15.7963726799264,-17.9095436991697 15.7963039172264,-17.910102960274 15.7962798011701,-17.9107915497906 15.7963906800351,-17.9114590763078 15.7966592431502,-17.9119120518908 15.7968104637789,-17.9122034432715 15.7969054773592,-17.9123865269792 15.7971520782899,-17.9127747912468 15.7972636784691,-17.9130335387981 15.7972625982484,-17.9135930676749 15.7971042032095,-17.9140174189211 15.7968750018743,-17.9143745250177 15.7968561588096,-17.9144038829171 15.7965400798256,-17.9148976173521 15.7965217224403,-17.9152894771687 15.7966282824916,-17.915629681251 15.7968518437566,-17.9162761500392 15.7969046103864,-17.9164144564205 15.7970080770792,-17.9166856516385 15.7971419975892,-17.9170950630358 15.7971859211904,-17.9175256162783 15.7971212868476,-17.9179931099779 15.7971175200153,-17.9180203533254 15.7970710836113,-17.9186873400383 15.7971373209143,-17.9192041193469 15.7972039204529,-17.9195917519973 15.797157838821,-17.9200219490836 15.7972150913783,-17.9207931872667 15.797223360925,-17.9209045831928 15.7971968489053,-17.9211032866184 15.7971833980461,-17.9212041000931 15.797180882746,-17.9212244423708 15.7971776367688,-17.9212487422102 15.7970185193188,-17.9220013185183 15.7968824411793,-17.9224527609251 15.7968813577909,-17.9230122882927 15.7969702826496,-17.9234645372494 15.7970591963279,-17.9238737669094 15.797528999179,-17.9247526221138 15.797617922109,-17.9252693968975 15.7976622003641,-17.9255708998948 15.7979311232351,-17.9259162274652 15.7981100412287,-17.9263258198383 15.7981093199997,-17.9266916673232 15.7981759234172,-17.9270792996413 15.7983383998009,-17.92727054699 15.7985794808557,-17.9275543183892 15.7989380419803,-17.9279430326709 15.799071961923,-17.928417058487 15.7990712429852,-17.9287613991312 15.7989581994187,-17.9290837801625 15.7987321187082,-17.9296209000535 15.7985129629676,-17.9298453742882 15.7984390835657,-17.9299210463141 15.7981006772233,-17.9303931915205 15.7977853221629,-17.9307148509601 15.7977842432083,-17.9311237224338 15.7980535228192,-17.9314260322366 15.798389759851,-17.931900779932 15.7985229490049,-17.9320549011599 15.7986136789989,-17.9321598915384 15.7987029594311,-17.9324614791017 15.7987022383073,-17.9328058204587 15.7986019463997,-17.9329370928078 15.7985218822402,-17.933041889286 15.7984673321317,-17.9331316112178 15.7984056027057,-17.9332331406542 15.7983207301667,-17.9333696671636 15.7982813965031,-17.9334329391725 15.7980794381983,-17.9336916879604 15.7980600019758,-17.9336918703892 15.7722857978768,-17.9339675380843 15.7675658398357,-17.9340180307233 15.7655091610246,-17.934040082094 15.7493023176057,-17.9342135100169 15.7355982020309,-17.9342508569536 15.7204443568443,-17.9342921678666 15.7138343993602,-17.9343101671345 15.682762081132,-17.9343948575193 15.6826767592755,-17.9121596389907 15.6825874796342,-17.888967718111 15.6824607588701,-17.8559575213024 15.6817260033983,-17.8131551373733 15.681773157043,-17.8020753269824 15.6830950818041,-17.8001237730056 15.6849206378859,-17.7979361385353 15.6867307226175,-17.7961261487507 15.6880526395143,-17.794221837197 15.6885875990655,-17.7927109191633 15.6900106824776,-17.7913772114124 15.6913578020611,-17.7896576681182 15.6922549234115,-17.7895790089937 15.6928842019812,-17.7901770622727 15.6939231625346,-17.7906334536739 15.6948044402362,-17.7904131300694 15.6954182432109,-17.7895317566535 15.695669879498,-17.7879107698033 15.6956227228535,-17.786620170004 15.6957958811557,-17.7854083206283 15.6959783973313,-17.78488406994 15.6966145200038,-17.7841335623591 15.6969565219511,-17.7837017405164 15.6974421606995,-17.7831879306728 15.6981725975696,-17.7821662493158 15.6986679620959,-17.7814047636292 15.6988637980449,-17.7809992215848 15.6991996785663,-17.7805942185412 15.6998257201935,-17.7798388511319 15.7003628438518,-17.7791905811249 15.7027078800073,-17.77747293148 15.7047825601821,-17.775953188469 15.7061361625757,-17.775005221524 15.7067532002875,-17.7736167004356 15.7069385994188,-17.7725015117127 15.7055695226487,-17.771102101869 15.7044729581254,-17.7695348422475 15.7039326020712,-17.7685682405544 15.7043105985774,-17.7676239574931 15.7048455625283,-17.7663806068713 15.7051602035952,-17.7653733304449 15.7053805235379,-17.7643975481875 15.7057268386052,-17.7632329477531 15.7062463175758,-17.7613285509239 15.7070804371478,-17.7610610697969 15.7096245605517,-17.7614273697289 15.7140723621703,-17.7613710316127 15.7172360410762,-17.7610881575464 15.7175348424682,-17.7610614337386 15.7189985986407,-17.7608362517298 15.7229784011182,-17.7590025014805 15.734075758456,-17.7498182715396 15.735305163611,-17.7488009080684 15.735305156674,-17.7491993383868 15.7353048024502,-17.7505087493998 15.7353051632081,-17.7508007083506 15.7353051598791,-17.7523052412289</coordinates></LinearRing></outerBoundaryIs></Polygon></MultiGeometry>
  </Placemark>
  <Placemark>
	<Style><LineStyle><color>ff0000ff</color></LineStyle><PolyStyle><fill>0</fill></PolyStyle></Style>
	<ExtendedData><SchemaData schemaUrl="#lfieemgs">
		<SimpleData name="region">Oshana</SimpleData>
		<SimpleData name="const">Oshakati West</SimpleData>
		<SimpleData name="population">30665</SimpleData>
	</SchemaData></ExtendedData>
      <MultiGeometry><Polygon><outerBoundaryIs><LinearRing><coordinates>15.7172360410762,-17.7610881575464 15.7140723621703,-17.7613710316127 15.7096245605517,-17.7614273697289 15.7070804371478,-17.7610610697969 15.7062463175758,-17.7613285509239 15.7057268386052,-17.7632329477531 15.7053805235379,-17.7643975481875 15.7051602035952,-17.7653733304449 15.7048455625283,-17.7663806068713 15.7043105985774,-17.7676239574931 15.7039326020712,-17.7685682405544 15.7044729581254,-17.7695348422475 15.7055695226487,-17.771102101869 15.7069385994188,-17.7725015117127 15.7067532002875,-17.7736167004356 15.7061361625757,-17.775005221524 15.7047825601821,-17.775953188469 15.7027078800073,-17.77747293148 15.7003628438518,-17.7791905811249 15.6998257201935,-17.7798388511319 15.6991996785663,-17.7805942185412 15.6988637980449,-17.7809992215848 15.6986679620959,-17.7814047636292 15.6981725975696,-17.7821662493158 15.6974421606995,-17.7831879306728 15.6969565219511,-17.7837017405164 15.6966145200038,-17.7841335623591 15.6959783973313,-17.78488406994 15.6957958811557,-17.7854083206283 15.6956227228535,-17.786620170004 15.695669879498,-17.7879107698033 15.6954182432109,-17.7895317566535 15.6948044402362,-17.7904131300694 15.6939231625346,-17.7906334536739 15.6928842019812,-17.7901770622727 15.6922549234115,-17.7895790089937 15.6913578020611,-17.7896576681182 15.6900106824776,-17.7913772114124 15.6885875990655,-17.7927109191633 15.6880526395143,-17.794221837197 15.6867307226175,-17.7961261487507 15.6849206378859,-17.7979361385353 15.6830950818041,-17.8001237730056 15.681773157043,-17.8020753269824 15.6817260033983,-17.8131551373733 15.6824607588701,-17.8559575213024 15.6825874796342,-17.888967718111 15.6826767592755,-17.9121596389907 15.682762081132,-17.9343948575193 15.6802496373599,-17.934400261122 15.6664173574965,-17.9344304099876 15.640948800688,-17.9344858514655 15.61749840277,-17.9345368794226 15.5984648373435,-17.9345782794008 15.5959030786151,-17.9345838580541 15.5704950004477,-17.9346392070658 15.5489191203711,-17.9346861003396 15.5359411231769,-17.9347143612251 15.5360041176163,-17.9341479918122 15.5361772818584,-17.9329518924413 15.5362478425131,-17.9316771293379 15.5362845577334,-17.9301539724699 15.5363450382389,-17.9278182874113 15.5364372002835,-17.9266653897442 15.5364983971128,-17.9259559218131 15.5366218777628,-17.9255421894358 15.5366834411088,-17.9250101116271 15.5367129587004,-17.9224970372711 15.5367435572468,-17.9219648707158 15.5369012419821,-17.9211323667009 15.5371291164381,-17.9201093389479 15.5373260400578,-17.9191965577049 15.5375855982226,-17.9182836896978 15.5378455197801,-17.9174574004456 15.5383081207845,-17.9161503281587 15.5387710766334,-17.9149979717156 15.5389867239192,-17.9143775090268 15.5391717616901,-17.9137864768133 15.5393568031484,-17.9128406684457 15.5395170023424,-17.9120859327112 15.5396955585852,-17.9112446069079 15.5398496382846,-17.9104761870793 15.5399417972181,-17.9095302024538 15.5400029983359,-17.9083475992126 15.5399403623903,-17.9069282983302 15.5398158023592,-17.9053611277895 15.5398154400993,-17.9046884676602 15.5398150786437,-17.9041858167941 15.539938196549,-17.9035060501321 15.540221879288,-17.9025217173404 15.5404313980701,-17.901585001962 15.54064740037,-17.9006096719705 15.5408907587939,-17.8996652108355 15.5413472396966,-17.8981542895976 15.5417720397569,-17.8965647089287 15.54212628163,-17.8954787675529 15.5426299217846,-17.8943692478664 15.5429600366999,-17.8932810604769 15.5434798834916,-17.8915834784283 15.5437315183733,-17.8902299729138 15.543904679237,-17.889144026954 15.5440148413389,-17.8878613497958 15.5441959185179,-17.8861931128781 15.5444713222596,-17.8843438790886 15.5445973226427,-17.8817234399868 15.54471324282,-17.8805778307958 15.5447730024692,-17.8772664577882 15.5448961186671,-17.8763802319726 15.5450772031447,-17.8752863708502 15.5453054389661,-17.8737755412911 15.5454706822429,-17.872618772428 15.5459977233829,-17.8711944299883 15.5464055971963,-17.870032708957 15.5468948362963,-17.8685739912332 15.5472069594425,-17.867432247013 15.5473300804287,-17.8666637408933 15.5475147587474,-17.8656587128207 15.5476688433212,-17.8646241604783 15.5480201997492,-17.8628058896532 15.5483114398091,-17.861790691087 15.5485004393145,-17.8606339215468 15.5486836769403,-17.8578033297479 15.5488989573154,-17.8564732219542 15.5489911233708,-17.8551724514288 15.5490040835458,-17.854134032507 15.5491243205988,-17.8532163911089 15.5492557183431,-17.8524578674363 15.5494681172902,-17.8514585081475 15.5496729609356,-17.8504669805652 15.5500063164595,-17.8492977929034 15.5505614381509,-17.8475542197519 15.5509005615801,-17.8465795179041 15.5512936797827,-17.8451710179497 15.5516094015803,-17.8441558197614 15.5521335629477,-17.8430921973734 15.5527196422192,-17.8420287566227 15.5537071197504,-17.8405225226109 15.5539850438883,-17.8400717109928 15.554200317877,-17.8393997667325 15.5544573631223,-17.8385372063929 15.554878562939,-17.8373015971374 15.5553717589223,-17.8361493266416 15.5557555169093,-17.8351849769642 15.5561648380764,-17.834209198954 15.5568653965482,-17.8325566198382 15.557534277057,-17.8310064595787 15.5579353233573,-17.8301722518714 15.5585095214608,-17.8292135701649 15.5591265568484,-17.8282684823507 15.5598667186616,-17.8269686999809 15.5606583604832,-17.82566324844 15.5614708833725,-17.8245763185633 15.561933841813,-17.8241040011881 15.5624893196695,-17.8236613785969 15.5629324794821,-17.8234834510103 15.5633965195767,-17.823396868068 15.5640027582434,-17.8231608008975 15.5647267165492,-17.8224525929737 15.5651515185005,-17.8218702887989 15.5661930011965,-17.8207474529099 15.5666249996175,-17.8202751305023 15.5671185625484,-17.8197731969545 15.567735962269,-17.8193306683171 15.5685384012892,-17.8187997575311 15.5693537975757,-17.8182740695492 15.570637196791,-17.8174724389741 15.572026081281,-17.8167354333521 15.5729185188798,-17.8163775876111 15.5737605577716,-17.8160549386793 15.5747991588445,-17.8156063795986 15.5759245217087,-17.8151027416895 15.5770498799091,-17.8146070196055 15.5778681585921,-17.8142765379994 15.5785132790854,-17.8140403818668 15.5793319222617,-17.8138200565484 15.5800558762506,-17.8136469884786 15.5810325579715,-17.8133783429456 15.5823908373446,-17.8129073725238 15.5829988812024,-17.8126318826059 15.5835496769229,-17.8123013076448 15.5840374770206,-17.8119078291183 15.5846127606553,-17.8114322697376 15.5854774827865,-17.8104520779383 15.5864997191239,-17.8091301214462 15.5870632790899,-17.808402612188 15.5870643270159,-17.8084012621075 15.5870653720846,-17.8083999156193 15.5875182794509,-17.8078243180843 15.5876948719304,-17.8075998889447 15.5878974238545,-17.8073424654124 15.5889466787271,-17.8064531867625 15.5891455299561,-17.8062846509716 15.5892033552653,-17.8062356415867 15.5892637674043,-17.8061844404777 15.5894345736005,-17.8060396737124 15.5902957219305,-17.805343797816 15.5906124068982,-17.805087889226 15.5911358883422,-17.8048023540399 15.5923375165457,-17.8041361054078 15.5940031387805,-17.8031486289992 15.5961684483829,-17.8019707958396 15.5968109031297,-17.8015900819084 15.5971797194984,-17.8012688548573 15.5980363248847,-17.8018280278563 15.5990475966191,-17.8025061741399 15.5996781533172,-17.8018518226221 15.6002611217262,-17.801256957389 15.6011296241495,-17.800305173327 15.6016650036913,-17.7995556429906 15.6022479710229,-17.7989131885303 15.6027833497123,-17.7984848855421 15.6032949337473,-17.7982588363551 15.6042045309656,-17.797737592297 15.6050059764651,-17.7972783222045 15.6064451987935,-17.7965402597823 15.6081427426519,-17.7957283911193 15.6082978980897,-17.7959481944237 15.6084748706031,-17.7961989057493 15.6086132567932,-17.7961343254753 15.6090284168546,-17.7959036813837 15.6094620289107,-17.7956638110598 15.60977570526,-17.7954608438404 15.6099971246756,-17.7953409081653 15.6104584136604,-17.7953501338404 15.6107997677313,-17.7954054886672 15.6111872496572,-17.7955807786359 15.6115747333817,-17.795811423277 15.6119345387949,-17.7960328423195 15.6123127949595,-17.7955161986114 15.6128663420662,-17.7955346498231 15.6135675014431,-17.795903681106 15.6136136305109,-17.7954700693692 15.6137058884139,-17.7949349738273 15.6138442746936,-17.7945751688214 15.6139918877216,-17.7940400731217 15.614591563105,-17.7940862025128 15.6147114985151,-17.7937263970576 15.6147391761117,-17.793495752411 15.614739175624,-17.7932817765266 15.6147391756649,-17.7931543978204 15.6149052404033,-17.7929975599281 15.6150713042479,-17.7928130445865 15.6151451099693,-17.7926193029285 15.614997497905,-17.7923702069273 15.614988272317,-17.7921487884136 15.6185177699629,-17.7917673498276 15.6230686788064,-17.7913299623586 15.6234554014389,-17.7912740482858 15.6240714320475,-17.7911849783378 15.6250281612522,-17.7910466428788 15.6270873583083,-17.7909855305218 15.6278282395049,-17.7908681709644 15.628381922687,-17.7907872694427 15.6285804147531,-17.7907582659183 15.6296505745854,-17.7907107189893 15.6311541325315,-17.7905818423243 15.6327113883309,-17.7905711028369 15.6337531388348,-17.7906033221705 15.6347304519227,-17.7907321979061 15.6357292431717,-17.7908073757467 15.6367459345118,-17.7909697055701 15.6370072675618,-17.7910114305448 15.6377921990826,-17.7911313968891 15.6385047611406,-17.7912934822143 15.6388119829627,-17.7912527833117 15.6394988776161,-17.7911617859653 15.6399766324526,-17.7910662354148 15.6403580527727,-17.7909899505411 15.6406050659309,-17.7908288550574 15.6412279679864,-17.7903133499137 15.6418723501576,-17.7899482000835 15.6421422197898,-17.7896148319538 15.642342079562,-17.7893925533248 15.6427852249253,-17.7889494084635 15.6432573181968,-17.7884405961171 15.6437517972661,-17.7879076582615 15.6440739878208,-17.787478069799 15.6445529110934,-17.7873758281425 15.6450298213309,-17.7872740157754 15.6459583581945,-17.7870632850265 15.6464554837495,-17.7869504610991 15.6467278106946,-17.7868979960284 15.6479709357611,-17.7866584996568 15.6514414121087,-17.785989884377 15.6521665832592,-17.7858363194798 15.6524075877415,-17.785785282792 15.6524868660806,-17.7857684938694 15.6527380689399,-17.7857152975769 15.6549983455578,-17.7852873193846 15.6559551006457,-17.7851061556787 15.656500974718,-17.7850056028302 15.6565016375548,-17.7850054791079 15.6581251693996,-17.7847064064997 15.6580276795663,-17.7835841072056 15.6577406406357,-17.7754419905144 15.6572979834869,-17.7617974085932 15.657590099572,-17.7614813909027 15.6579746960576,-17.7610653253806 15.6583159376447,-17.7606961634623 15.6587506408037,-17.7610654971327 15.6594942219305,-17.7616306186507 15.6607731821441,-17.7617495920326 15.6637772517511,-17.7610357537496 15.666067482606,-17.7600244830173 15.667524903107,-17.7581506576381 15.6681792548621,-17.7569906700935 15.6690418090749,-17.7547599257048 15.669012066162,-17.7535404512878 15.668744376742,-17.7517558560606 15.6684118658902,-17.750707102917 15.6681916193314,-17.7500124331327 15.6689493523185,-17.7491927023114 15.6693117569339,-17.7488006386828 15.6702910259519,-17.7488006858313 15.6873113976591,-17.7488007311938 15.6883867174819,-17.7488007328097 15.6888557979054,-17.7488007331589 15.7183984801745,-17.7488008221595 15.7275637225784,-17.7488008186156 15.735305163611,-17.7488009080684 15.734075758456,-17.7498182715396 15.7229784011182,-17.7590025014805 15.7189985986407,-17.7608362517298 15.7175348424682,-17.7610614337386 15.7172360410762,-17.7610881575464</coordinates></LinearRing></outerBoundaryIs></Polygon></MultiGeometry>
  </Placemark>
  <Placemark>
	<Style><LineStyle><color>ff0000ff</color></LineStyle><PolyStyle><fill>0</fill></PolyStyle></Style>
	<ExtendedData><SchemaData schemaUrl="#lfieemgs">
		<SimpleData name="region">Oshana</SimpleData>
		<SimpleData name="const">Uukwiyu</SimpleData>
		<SimpleData name="population">13033</SimpleData>
	</SchemaData></ExtendedData>
      <MultiGeometry><Polygon><outerBoundaryIs><LinearRing><coordinates>15.9652150744213,-17.9345277819605 15.9713134761013,-17.9417114260039 15.9815063479678,-17.941711425567 15.9868774413502,-17.9417114262017 15.994323730699,-17.9417114255866 15.9992686878435,-17.9417114258605 15.9992874659974,-17.9417114259134 15.9992686789189,-17.945175869024 15.9992686788487,-17.9506500291346 15.9992690396015,-17.9705746797316 15.9992690378786,-17.9722008878766 15.9992661589633,-17.9744180423572 15.9992665227099,-17.9756103587347 15.9992693971286,-17.982648092258 15.9992697601855,-17.9979574468208 15.9992956784569,-18.0234407732004 15.9989054364761,-18.0236129399528 15.9973671579575,-18.0240606030382 15.9963227977859,-18.0246344406901 15.9952323621,-18.0254493883414 15.9944403631051,-18.0260691290658 15.992477640516,-18.0274235400719 15.9911233224622,-18.0283761891902 15.9895353575549,-18.0295305300232 15.9870258029543,-18.0313029914157 15.9860390415373,-18.0318768301306 15.9847649984749,-18.0325998874745 15.9832727971386,-18.0335754902208 15.9824401185104,-18.0341820880794 15.9819127209304,-18.0344801685095 15.9815660385863,-18.0347245199201 15.9809644789501,-18.0350136927347 15.9800626830758,-18.0354362397029 15.9790445970193,-18.0358590628075 15.9782353168609,-18.0361928684131 15.9771481173905,-18.0366601535345 15.9765004816427,-18.0369493219556 15.975713883448,-18.0373052664217 15.9751357175084,-18.0376164917458 15.9746965181629,-18.0378831609975 15.9740262023991,-18.0383053507019 15.9735635979137,-18.0385942526214 15.9715656033402,-18.0398422807956 15.9704521186273,-18.0405883827507 15.9698552427982,-18.0409671015102 15.9692864410202,-18.0413271017615 15.968754359405,-18.0415939489536 15.9680142025152,-18.0419275831042 15.9671185216231,-18.0424775676397 15.9664244379956,-18.0427889717362 15.9657350379191,-18.0432052172964 15.9651838773658,-18.0435495622007 15.9644361617949,-18.0440775872998 15.9638410797062,-18.0445251576453 15.9632672376849,-18.0450531872336 15.962704921937,-18.0455581819265 15.9618243608511,-18.0462092369353 15.9612001229513,-18.0466091982819 15.9605758781545,-18.0469646986296 15.9599977183608,-18.0473202930035 15.9595815588496,-18.0476311496207 15.9588881985677,-18.0482306373393 15.9583568388798,-18.048741211497 15.95764044048,-18.049340700218 15.957224283451,-18.0496959278453 15.9568542016858,-18.0498959077597 15.9563919593309,-18.0501404397964 15.9562709967,-18.0502067701589 15.9560679582376,-18.0503182794511 15.955720920558,-18.0504739769966 15.9554203191666,-18.0506073594368 15.9549807616137,-18.0508075174544 15.9546106780904,-18.0509632192945 15.9545948388,-18.0509071478402 15.9543557980968,-18.0504518373167 15.9541167617798,-18.0501333282939 15.953782680551,-18.0497237430171 15.9534486003627,-18.0493142394295 15.9532570839028,-18.0489500085437 15.9526616430999,-18.0486664189446 15.9524946008493,-18.0485867684091 15.9521608831314,-18.0484505998289 15.9513991209113,-18.0484517718383 15.9503993991042,-18.0485445627916 15.9493996780115,-18.0486372590926 15.9485428836057,-18.048775323643 15.946971837514,-18.0487777484078 15.9460196362181,-18.0487792780901 15.9448291176744,-18.0486900015116 15.9440187619205,-18.0483267637482 15.9428761215706,-18.0483285583523 15.9415063199588,-18.0480117567068 15.9407442005739,-18.0478306836649 15.9392199591424,-18.0475595967865 15.9380766003636,-18.0473335235125 15.9373454423967,-18.0472623291369 15.9366956420317,-18.0471989736343 15.9348855612025,-18.046882798703 15.9338858415073,-18.0468843315474 15.9329336399543,-18.0468857701037 15.9321718832294,-18.0470235574265 15.931076758961,-18.047025180137 15.9300766817545,-18.0468444616732 15.9284577609843,-18.0468468023427 15.926933877854,-18.0467579677472 15.9260767196065,-18.0467136882453 15.9252199180041,-18.0467149511828 15.9242666369461,-18.0463518011432 15.9228849623901,-18.0458982035056 15.9211224002211,-18.045536222643 15.9201698387554,-18.0453097817587 15.9188367607948,-18.0454028373053 15.9180757183344,-18.0456317108534 15.9174097207124,-18.0459971985677 15.9162677999012,-18.0464544011043 15.91617923895,-18.0464748274927 15.9152684377151,-18.0466837229303 15.9143644774271,-18.0469583081313 15.913650962966,-18.0472327216857 15.9130324772976,-18.0475069504873 15.9124737591887,-18.0479178882419 15.9121411226819,-18.0481916731161 15.9113325625629,-18.0485573409195 15.9108094796435,-18.0489225570273 15.910000919326,-18.0493793982613 15.9093349229462,-18.049653629364 15.9088589966597,-18.0497454307061 15.9083348425192,-18.0496550678598 15.9079536015597,-18.0494277272601 15.9068588383694,-18.0496115110781 15.9059073562993,-18.0500684412593 15.9050037577717,-18.0504797414918 15.9040044022761,-18.0507545128461 15.9026713168167,-18.0508474823991 15.9017187566555,-18.0507575704876 15.9006236402082,-18.0507591035198 15.8992430388014,-18.0508064393062 15.8982436826947,-18.0511722915892 15.8968159202299,-18.0514476014537 15.8955303573262,-18.0514493109655 15.8942448014743,-18.0514510182843 15.8932929589424,-18.0518167782327 15.8923411227623,-18.0520913680146 15.8915800830815,-18.0524113200901 15.8913921607958,-18.0524644185157 15.8907711578761,-18.0526401866539 15.889819323574,-18.0529603227232 15.8893437633242,-18.0533254481456 15.888487678429,-18.0538277425261 15.8873457618941,-18.0542393125303 15.886203478529,-18.0545141708626 15.8846324395581,-18.0546984019328 15.883632718934,-18.054790740976 15.8824900777629,-18.0547921835872 15.8817279599005,-18.05461091998 15.8811685187798,-18.0546115463131 15.8809780766476,-18.0547029907379 15.8799790818539,-18.055114292105 15.8792648408925,-18.0551151917228 15.878217239686,-18.0551164519046 15.8775984025381,-18.0552083423002 15.8767415989598,-18.0554372073754 15.8758855171096,-18.0558938710619 15.8751244832109,-18.0563959817386 15.874220879865,-18.0569438969938 15.8734594797941,-18.0571725881246 15.8724118792201,-18.0572194771866 15.8715071973474,-18.0572204674896 15.8709362419261,-18.0574489805925 15.8706406784304,-18.0577148394259 15.8701755620712,-18.0581334301259 15.8694148772887,-18.0587266212919 15.8687485229692,-18.059000849853 15.8674629576567,-18.0590934576462 15.8663685603535,-18.059550392497 15.8653695605383,-18.0600071376833 15.8645127638059,-18.060236008828 15.8635609201696,-18.0604193435668 15.862752363471,-18.0609214527138 15.8615150408664,-18.0613785625257 15.8605631989352,-18.0616985970198 15.8598968412252,-18.0618360299329 15.8585284805849,-18.0621565186086 15.8575287632514,-18.0624310203525 15.8566719600565,-18.0626142625219 15.8559105596071,-18.0628429497275 15.8545299623179,-18.0630722692127 15.8541494388643,-18.0632549677242 15.8534359195274,-18.0636202795393 15.852626999883,-18.0639856822333 15.8520078001345,-18.0640774798478 15.8511031204248,-18.0639417611748 15.850531082931,-18.0636234279025 15.8497207230215,-18.0631686576896 15.8486248790401,-18.062850872084 15.8471960430611,-18.0626246089515 15.8459576400192,-18.0623525397895 15.845052241348,-18.0621256467923 15.8436705574975,-18.0616258806647 15.8429080777695,-18.0612621894981 15.8419072775592,-18.0607164319221 15.8410015225794,-18.0602161233425 15.8400485989222,-18.059761442835 15.8392864824196,-18.0597622503532 15.8388839988773,-18.0598268681953 15.8384296770682,-18.0598997715569 15.8375257224491,-18.0603107983935 15.8366689178518,-18.060539488027 15.8355262795785,-18.0607684537175 15.8344315218318,-18.0608606974148 15.8336694017575,-18.0608615104996 15.8326696766862,-18.0609080377277 15.8320036774223,-18.061273170967 15.8313967178774,-18.0613649692154 15.8307775207272,-18.0614566779033 15.8299685988228,-18.0617764463002 15.8291118003806,-18.0619139668514 15.8282546416523,-18.0619147802543 15.827588277605,-18.0621432909478 15.8268751209553,-18.0627818367697 15.8262091220635,-18.0633293094089 15.8257335615566,-18.0637398009804 15.8254009192098,-18.0640134892814 15.8246395170739,-18.0644698798816 15.823973516614,-18.0648351011755 15.8228787591847,-18.0652005881532 15.8219269233886,-18.0655659919876 15.820642078377,-18.0660229212256 15.8197374006735,-18.0660237289995 15.8191182030514,-18.0660242701294 15.8181656367838,-18.0660251697742 15.8168325578404,-18.0662086801608 15.8158807227302,-18.0663461976139 15.8148331221535,-18.0664838091789 15.8140238392077,-18.0667579494284 15.8130720019875,-18.0669410993434 15.81207227675,-18.0672608688805 15.8112629982911,-18.0674894671096 15.8101210798091,-18.0679461306405 15.8090738393131,-18.068220446981 15.8080852788961,-18.0683072987083 15.8080262384526,-18.0683124292944 15.8074466413212,-18.0684053995575 15.8068836000237,-18.0684956699926 15.8057884829953,-18.0686789086147 15.8038955993982,-18.0687260729533 15.8035626036773,-18.0688175107915 15.8028008382967,-18.068909220705 15.8020866022945,-18.0689553898881 15.8012766014148,-18.068773856259 15.80070492073,-18.0685008906124 15.8002754369657,-18.0678633319118 15.7998455975894,-18.0670890630621 15.7996544426342,-18.0664968627147 15.7996529972728,-18.0654944372749 15.7998416407405,-18.0642184182721 15.8000310032776,-18.0635347789876 15.8000302793454,-18.0629424890841 15.7998862826149,-18.062167946413 15.7997422787742,-18.0614845808613 15.7997890833032,-18.0608466578934 15.7997880017302,-18.0600720273595 15.7999294800675,-18.0592516792669 15.8002617628564,-18.058522412244 15.800499002911,-18.0578843098748 15.8006408429814,-18.0571551322611 15.8008780792585,-18.0564714025384 15.8011628413573,-18.055924378268 15.8012099982354,-18.0554687126973 15.8011617579844,-18.0550586726601 15.8010177608019,-18.0544208376301 15.800922362783,-18.0541019704605 15.8011113616894,-18.0532360827501 15.8011110009556,-18.0529626613009 15.8005400399112,-18.0532365266896 15.7998261609725,-18.0535561194158 15.7987792824301,-18.0540581379343 15.797541957227,-18.0544237171563 15.7960666767959,-18.0549716380734 15.7947339610642,-18.0554283930231 15.7928774389523,-18.0558399620202 15.79125924107,-18.0563424319442 15.7897360809441,-18.0567080978728 15.788498399098,-18.0570735877492 15.786594361365,-18.057621777045 15.7853095197725,-18.0581696105118 15.7838817566177,-18.0586718114539 15.7829299180216,-18.0591737400123 15.7816450772525,-18.0597214791557 15.7803595215733,-18.0600413378926 15.7792172387061,-18.0604978221886 15.7780274363186,-18.0609543899483 15.7765996786391,-18.0615477582302 15.7757349588749,-18.0618242386594 15.7750290030388,-18.0620500515204 15.7741721993355,-18.0624151778436 15.7737610795671,-18.0625379395753 15.7736638780779,-18.0604608333799 15.7722454816334,-18.0582040770921 15.7712983202621,-18.055585709402 15.7698802774548,-18.0535998613681 15.7682743166583,-18.052336619744 15.7661960377668,-18.0508026628269 15.7638333614895,-18.047914290036 15.763542478952,-18.0460511967789 15.7634528403721,-18.0454761011404 15.7630730381094,-18.0434895299456 15.7625045973225,-18.0418643066262 15.7622194770711,-18.0402389083937 15.762782522219,-18.0375292819894 15.7630629575381,-18.0352713627233 15.764192998309,-18.0334870199766 15.7640025615697,-18.0320421581357 15.76362276003,-18.0301458616571 15.7634316037542,-18.0280688380998 15.7633351175886,-18.0262627204698 15.7634272762371,-18.0246370502419 15.7638959972949,-18.0220177789187 15.7650407964864,-18.0189482406516 15.7650472785686,-18.0188855999515 15.7658709603221,-18.0166882525248 15.7677559194136,-18.0148807791597 15.771056397792,-18.0135240284119 15.7724301572467,-18.0128653223669 15.7746398402307,-18.0118057493145 15.7768077625479,-18.0101786426672 15.7787870368463,-18.0085517091712 15.7802004012938,-18.0071960395511 15.7814251198911,-18.0057501893604 15.7820842766983,-18.0046660505586 15.7831923573811,-18.0042137070259 15.7840405208016,-18.0034905573901 15.7844167217169,-18.0026775018997 15.7846046387642,-18.0021355218194 15.7850244039944,-18.0008045108407 15.7849704013324,-18.0002023194283 15.7848598826638,-17.9991540896507 15.7849693228731,-17.9978809532495 15.7852375229559,-17.9970159586369 15.7858250378512,-17.9962031719476 15.7864647583945,-17.9956655117255 15.7867246832087,-17.9950831196119 15.7874263211149,-17.9943881395573 15.78838571896,-17.9937805528843 15.7895337625444,-17.9929112424984 15.7901475601826,-17.9919197101738 15.7904467182803,-17.9911799972772 15.7907354387476,-17.990580329262 15.7911091182649,-17.9901232208186 15.7916584787141,-17.9898029091501 15.7924220403249,-17.9895039302803 15.7930808432685,-17.9893666768401 15.7935070811433,-17.9891646315355 15.7939325989145,-17.9887012227024 15.7945309180002,-17.9880008391084 15.7949557190455,-17.9874972932168 15.7954042797554,-17.9871195612468 15.796014840118,-17.986627077419 15.7963957167047,-17.9861122777181 15.796364398085,-17.9854906467889 15.796159556489,-17.9848768517652 15.7959392374356,-17.9844440424451 15.7957426788091,-17.9839954789718 15.7956087625627,-17.9835705031522 15.795199803647,-17.9826340467487 15.7950345598692,-17.9819337624597 15.7950028823135,-17.9813042131362 15.7949099993461,-17.9809682406631 15.7949244006992,-17.9806824885576 15.7951997965718,-17.9803362596798 15.7957113625865,-17.9800451085967 15.7962070805264,-17.9797697095354 15.7968363600959,-17.9791323294188 15.7968363616344,-17.9787151787142 15.7965767987257,-17.9781328819651 15.7963251601451,-17.9773774191698 15.7958002828942,-17.9762782492164 15.7957740006052,-17.9758901729151 15.7961595569037,-17.9754416123703 15.7967341182142,-17.9746711177493 15.7969389563411,-17.9744500819992 15.7968680387912,-17.9739543620622 15.7964036380832,-17.9733798931352 15.7959316804588,-17.972970749397 15.7956008429921,-17.9729155791952 15.7949715591333,-17.9726874329465 15.7946637572771,-17.9721669590888 15.7946803209012,-17.9718768877423 15.7950107976889,-17.9712473382176 15.7949949586834,-17.9704525479627 15.7947904778327,-17.9700512390759 15.7943509184135,-17.9694148488562 15.7930041602439,-17.9678242795951 15.7929253236467,-17.9674858832836 15.7930513185968,-17.9672970573057 15.7931859571547,-17.9668123184842 15.7935787185294,-17.9662740326207 15.793799040472,-17.9659041329913 15.7938224380041,-17.9655972323326 15.7936968006043,-17.9651723411859 15.7930851589977,-17.9643157226927 15.7928389166033,-17.9637480024619 15.7928075981711,-17.9632443569124 15.7929285570357,-17.9629396168869 15.7930909188294,-17.9623315831266 15.7933897197861,-17.96177285716 15.7934289592301,-17.9603957681172 15.7936492782597,-17.9600888671863 15.7940114369139,-17.9595379816281 15.7945881627652,-17.9588196913137 15.7951681175785,-17.9578224891464 15.7955144389583,-17.9566972165109 15.7955695222692,-17.9559339319788 15.7954355997463,-17.9546826592749 15.79578983903,-17.9538564621483 15.7959849598319,-17.9531194512114 15.7961519977005,-17.9521803024631 15.7960652395435,-17.9510235327115 15.7955302803659,-17.9500555812147 15.7951422028614,-17.9493591626741 15.7953564029559,-17.9486468096296 15.7957189177744,-17.9477499598788 15.7956803985854,-17.9466103804272 15.7955853600334,-17.9461053002923 15.7956008399429,-17.9449327807933 15.7959943221372,-17.9440199120977 15.7959943172811,-17.943225121165 15.7956955225889,-17.9425955718018 15.7954906777254,-17.9418558598592 15.7956404407551,-17.9409555922719 15.7961044819756,-17.9402348686961 15.7964666401614,-17.9391174327788 15.796387800027,-17.9375278503326 15.7962891575398,-17.936475119913 15.7962934835827,-17.9358596078474 15.7965296421182,-17.9354975369477 15.7968442769086,-17.935308719154 15.7976751618162,-17.9354106022989 15.7979948403317,-17.935360921864 15.7982083220869,-17.9351070314032 15.7982094017692,-17.9345466932467 15.7980506366876,-17.9341894813508 15.7980600019758,-17.9336918703892 15.7980794381983,-17.9336916879604 15.7987108816101,-17.9336900686438 15.8021161189945,-17.9336809821741 15.8076993586766,-17.9336661292247 15.8269471213648,-17.9336147373216 15.8574150000275,-17.9335333834043 15.8834988020602,-17.9334637184875 15.896462043131,-17.9334291627814 15.9159747615384,-17.9333770536784 15.9302001566328,-17.9333390675231 15.9430305622971,-17.9333047781766 15.9481806911465,-17.9332912428576 15.9587611908782,-17.9332630072911 15.9641113283866,-17.9332275388752 15.9652150744213,-17.9345277819605</coordinates></LinearRing></outerBoundaryIs></Polygon></MultiGeometry>
  </Placemark>
  <Placemark>
	<Style><LineStyle><color>ff0000ff</color></LineStyle><PolyStyle><fill>0</fill></PolyStyle></Style>
	<ExtendedData><SchemaData schemaUrl="#lfieemgs">
		<SimpleData name="region">Oshana</SimpleData>
		<SimpleData name="const">Uuvudhiya</SimpleData>
		<SimpleData name="population">5647</SimpleData>
	</SchemaData></ExtendedData>
      <MultiGeometry><Polygon><outerBoundaryIs><LinearRing><coordinates>15.3896684396265,-17.9328102279207 15.3911793588718,-17.9331722089188 15.3921391198402,-17.9330463027544 15.3930830432015,-17.9332773275598 15.3928634428744,-17.9344942164375 15.3925956005292,-17.9354385876495 15.3920764768604,-17.936477283144 15.3914151611748,-17.9377914624358 15.391478156417,-17.9388301469275 15.3923752771614,-17.9401443314825 15.3936266419999,-17.9410256998908 15.3954655193295,-17.9413479898086 15.3967024761381,-17.9413391669677 15.3975286782117,-17.9414910896762 15.3981957632298,-17.9423148595677 15.399349919165,-17.9433718211025 15.4000526428629,-17.9435640594436 15.4006750827665,-17.9439936302564 15.4010512772083,-17.9445333596134 15.4016330374546,-17.945042040147 15.4025028021404,-17.9454698102408 15.4037836779448,-17.945736843143 15.4049025599963,-17.9463205791223 15.4058601567725,-17.9473000490542 15.4070434801713,-17.9477538304231 15.4075471210818,-17.9471715334662 15.40817676325,-17.9466678915667 15.4087668012944,-17.9466678925555 15.4100102381432,-17.946959039044 15.4107655195898,-17.9478089086705 15.4120481980221,-17.9481788071942 15.4133546398811,-17.9480607313014 15.4140627589526,-17.9481394777499 15.414865563402,-17.9489814277081 15.4154322015494,-17.9502326990044 15.4164866408925,-17.9516097901325 15.4173916801943,-17.9526563995785 15.4184158767464,-17.9538768924365 15.4201586409671,-17.9550477884892 15.4218560417498,-17.9557456473705 15.4239083982065,-17.9558096394481 15.4251043177356,-17.955800997568 15.4263420000894,-17.9558708414077 15.4278302395383,-17.9562545077111 15.428988357049,-17.9566011897968 15.4300924789433,-17.9568506719106 15.4306511988474,-17.9571496470251 15.4311008425297,-17.9576114414669 15.4318895993826,-17.9581580088443 15.4327982378756,-17.9585531093343 15.4338760814077,-17.9588931327175 15.4349532021847,-17.9593981197732 15.4360886394187,-17.9606593800828 15.437158917048,-17.9615721579565 15.4380167984843,-17.9620443009867 15.4383235182002,-17.9624377785705 15.4385762431014,-17.9631983727768 15.4388667609366,-17.9639250310457 15.4391263190848,-17.964693451117 15.4395889203814,-17.9656369226362 15.4396378780446,-17.9663044501577 15.4396835976164,-17.9669282423877 15.4404342030348,-17.9678301265509 15.4417208405146,-17.9686886379933 15.4421521216515,-17.9688189578088 15.443251201909,-17.9691507914188 15.444366116594,-17.9693003722823 15.4459331971533,-17.9697089678993 15.4472788781892,-17.9704565130415 15.4468065611427,-17.9712670514348 15.446381761278,-17.9717627708176 15.4462406368479,-17.9724032069189 15.4464933618113,-17.9729536514146 15.4467475177723,-17.9736619518299 15.446960283568,-17.9743704282203 15.4472950799205,-17.9748809078847 15.4479585619098,-17.9752705227809 15.4488275977929,-17.9755796701918 15.4497794384295,-17.9758882798861 15.4507726790296,-17.9762753709834 15.4516456808819,-17.9769790831878 15.4525611598166,-17.9778401981383 15.4534762791502,-17.9786619018469 15.4548064786623,-17.9797566612958 15.4558925985013,-17.981237880812 15.4564750784718,-17.9817464678054 15.4576782028318,-17.9824870786256 15.4589608811017,-17.982911518757 15.4596240004099,-17.9832616210026 15.4608310784348,-17.9833807765206 15.4611100837427,-17.9834083189792 15.4618135177995,-17.9836397992629 15.4623538816837,-17.9840697288023 15.462732597055,-17.9848559729906 15.4629932364374,-17.9862347671347 15.4633719618622,-17.9870604287436 15.4645786789624,-17.9881560889277 15.465866762174,-17.9891326801712 15.466992837289,-17.9904656698844 15.468657837893,-17.992031218843 15.4697832032156,-17.9932851870672 15.470730361368,-17.9941854613835 15.47213615886,-17.9945299838119 15.47314955796,-17.9948879080013 15.4736676023366,-17.9950707886674 15.4749092387665,-17.9955348316314 15.4760687975808,-17.9959995005253 15.4771459230613,-17.9964648012113 15.4785549636477,-17.9971642826978 15.4792616371572,-17.9977507217639 15.4802156421657,-17.9982958506281 15.4808809198509,-17.9988431400358 15.4825383565961,-17.99961965873 15.4832702401669,-18.0007672519938 15.4835521185269,-18.0015157826613 15.483614759015,-18.0022952681539 15.4839092398473,-18.0029623503844 15.4846677600673,-18.0034048800505 15.4856574021713,-18.0036235834733 15.4870549227243,-18.0040077003274 15.4879869630048,-18.0042823807056 15.4888610397738,-18.0046686567497 15.4898510400896,-18.0048873621765 15.4910552397831,-18.00506519863 15.4917792020794,-18.0050888681964 15.4926054009318,-18.0050967029095 15.4935338414083,-18.0050652034979 15.49469087982,-18.0053012688989 15.495669721113,-18.005643093203 15.4961384436148,-18.0063094503149 15.4967831985123,-18.0071422190187 15.4973095169062,-18.007696980936 15.4978938038586,-18.0081400502125 15.4986519609946,-18.0085824914799 15.4992952804496,-18.0092237394455 15.500015641416,-18.0097798477197 15.5005840818416,-18.0101324719045 15.5013112807141,-18.0105497965663 15.5022076778147,-18.0113659226492 15.503253841023,-18.012087001307 15.5042503187915,-18.0128078969149 15.5046473995611,-18.0136219496081 15.5040969576357,-18.014241059323 15.5034964809654,-18.014859992671 15.5035951232092,-18.0154338321662 15.5041430412456,-18.0158661911445 15.5047913970764,-18.0160599586562 15.506487357137,-18.0163535418689 15.5080317631855,-18.0175545882121 15.508778042533,-18.0183699911312 15.5091848390586,-18.0192196784517 15.5093741981836,-18.0196149600541 15.5095700388434,-18.0211451413453 15.5091171586396,-18.0225771291557 15.5084158810678,-18.0236735099635 15.5082628822271,-18.0250110884316 15.5082578425076,-18.0269705699208 15.5080051184973,-18.0283077913148 15.5075025622591,-18.0297395129429 15.5091913182372,-18.033079769997 15.5098886385067,-18.0336561296572 15.510584882116,-18.0347102975481 15.5115298804,-18.0360522931176 15.5124738022998,-18.0379199732384 15.513319798306,-18.0390225628685 15.5138677187644,-18.0394548310032 15.5143645232341,-18.040364819551 15.5153105974302,-18.0414200671171 15.5164561184791,-18.0423804597044 15.5174489988858,-18.0447261282139 15.5184929965682,-18.0464030073703 15.5204384380759,-18.0469364384987 15.52298508275,-18.0465640227999 15.5241691225281,-18.0472855498816 15.5249153995285,-18.0482443207568 15.5253636037407,-18.0487718081644 15.5260112372112,-18.049300107566 15.5267085567611,-18.0499718728942 15.5272561210665,-18.0506430864835 15.5281031990159,-18.0512676923972 15.5290993189464,-18.052179662027 15.5296954812364,-18.0533647790913 15.5305429204881,-18.0539415897308 15.5312895586986,-18.0547569909147 15.5311876793853,-18.0556646398414 15.5309864410547,-18.05642856041 15.5310350380047,-18.0569066401331 15.5316826789824,-18.0575304316246 15.5329790392333,-18.0582045279894 15.5341245560431,-18.0592604117969 15.5349223184438,-18.0597413688827 15.5361175199384,-18.061036381339 15.5375132387687,-18.0619019986776 15.5386612834217,-18.0619064107253 15.5395612804047,-18.0613841414269 15.5400119962494,-18.060668996777 15.5401138788746,-18.0597613481612 15.5404656023013,-18.0588068969215 15.5416647592857,-18.0582379186513 15.5425143576109,-18.057858838909 15.5437127985293,-18.0577200615246 15.545260443389,-18.0577259105727 15.5462583628634,-18.0578253614465 15.5481544829112,-18.0582148788242 15.549949077665,-18.0594164684385 15.5516436033394,-18.060665397527 15.5527405233847,-18.0611953179887 15.5532747609778,-18.0613109686088 15.5549858422327,-18.061681679005 15.5564542823602,-18.0619085702537 15.5565701990654,-18.0619265678029 15.5576663994891,-18.0629343017689 15.5583644367378,-18.0634148069624 15.5599106377078,-18.0639462615471 15.5609081995071,-18.0642845727851 15.5624043601363,-18.065102580178 15.5638512014572,-18.0653947199443 15.5656983604236,-18.0653537679154 15.566548316892,-18.0648789300731 15.5675476829884,-18.0644047230651 15.568647121682,-18.0638830773265 15.570494996297,-18.0635075132113 15.57114407818,-18.0634621477028 15.5723921980086,-18.0634188565102 15.5742393580581,-18.063330121469 15.5758366768608,-18.0632880926943 15.5774840414429,-18.0634374924783 15.5781817196883,-18.0639657025903 15.5791781990005,-18.0648774027665 15.5796760777205,-18.065643838979 15.5801735994286,-18.0663147894597 15.5807715576908,-18.066890432217 15.5822183993951,-18.0674213405175 15.5834531999686,-18.0678081622356 15.5839514378109,-18.0681922790381 15.5846995209266,-18.068672883532 15.5855973627423,-18.0690584390044 15.5861953210904,-18.0695862905915 15.586991999969,-18.0705927575994 15.5872403983449,-18.0711671362465 15.588587516288,-18.0715543227434 15.5898356392548,-18.0715110322472 15.5906845182062,-18.0713706309528 15.5920327179711,-18.0713754884203 15.5932808401401,-18.0712365286736 15.5944796412127,-18.0709062295321 15.5961770378239,-18.0710078373184 15.5971746001352,-18.0713458781848 15.5979727209045,-18.0718266594628 15.5986196428341,-18.0727369183539 15.5990005180593,-18.0732009604341 15.5993670014599,-18.0736476286166 15.6004646418011,-18.0739382405268 15.6012631228678,-18.0740366070719 15.602411520445,-18.0740406608891 15.6034598368294,-18.0739965591295 15.6042090018581,-18.0738558025011 15.6047090426495,-18.07342740115 15.6051093584335,-18.0729509415482 15.6054603616669,-18.0720918927002 15.6059099978775,-18.0719022629161 15.6067588795093,-18.0719530170226 15.6079562402179,-18.0722917778674 15.6091035602511,-18.0728214331914 15.6097526408963,-18.072775891447 15.610352041207,-18.0724912205873 15.6106029590967,-18.0718707588937 15.6106043972822,-18.0712017026764 15.610606921843,-18.0698157905194 15.6107602780641,-18.0678568502547 15.6109111202095,-18.0673317005726 15.6113117989175,-18.0665206191696 15.611998680073,-18.0663317998794 15.6130469971126,-18.0664310732454 15.6140946008125,-18.0667692013816 15.6151922417622,-18.0671553002753 15.6163399171103,-18.0673504212422 15.6175858800791,-18.0684061223358 15.6182335210067,-18.0691730124197 15.6189812391132,-18.069844590258 15.6201282023352,-18.070565399087 15.6212251185998,-18.0712860294003 15.622073280885,-18.0716234412041 15.6226712415717,-18.0721034112334 15.6234196818265,-18.0723926673978 15.6249673181167,-18.0723978924137 15.626065682678,-18.0724494580131 15.6273627599941,-18.0728839778181 15.628310282977,-18.0733650272522 15.6289586391971,-18.0737973889624 15.6300058801161,-18.0744221704062 15.6308047201039,-18.0745204463283 15.6320028012213,-18.0745722878772 15.6331504830632,-18.0748150198325 15.6344468360251,-18.0758110496057 15.634845002631,-18.0764814589944 15.6351420015869,-18.0779639379804 15.6355891188702,-18.079303592445 15.6369848405293,-18.0805030229815 15.6395674811361,-18.0809895589606 15.6402165605505,-18.0810394197916 15.6421634387951,-18.081237059793 15.6433608005084,-18.0816711266902 15.6447586802127,-18.0816279318131 15.6468049195933,-18.082016998228 15.6501990025738,-18.0826015475236 15.6524446789083,-18.0831345295188 15.6543411614177,-18.0836185471061 15.6560875174881,-18.0842932818534 15.6579832811568,-18.0851596229305 15.6594797976348,-18.0860246994813 15.6609763192555,-18.0866985289031 15.6619245598505,-18.0868927479749 15.6627734375396,-18.0869910295789 15.6641713182355,-18.0869955274435 15.6644402410123,-18.0869963368789 15.6658687198117,-18.0870009321774 15.6674167200703,-18.0869580007839 15.6689517605904,-18.0870106518658 15.6704489980784,-18.0872543701726 15.6721960809865,-18.0875465974925 15.674940719306,-18.0883675824913 15.6764876432944,-18.0890414975942 15.6777850801853,-18.0894278702479 15.6801312009112,-18.0898652684522 15.682677479111,-18.0898731894365 15.68392560041,-18.0897813888836 15.6845246409207,-18.0898310715662 15.6853234817332,-18.0898334985095 15.6860722772354,-18.0898836323803 15.6873704405892,-18.0898875876643 15.6885688821139,-18.0898434907752 15.6893176769892,-18.0897979488007 15.690016803708,-18.0897523213532 15.6908656803572,-18.0897549268768 15.6914647190781,-18.0896133571226 15.6920644807715,-18.0891850522358 15.6925148382154,-18.0886129169715 15.6928647592445,-18.0881361021458 15.6931149601008,-18.0877545012399 15.6934655975631,-18.0870387291629 15.6939155989474,-18.0864666019753 15.694415278797,-18.0861813891447 15.694965356701,-18.0856573209181 15.6952655979717,-18.0852281068289 15.6954157189716,-18.0849418196785 15.6962653238671,-18.0843231592142 15.6969518367027,-18.0843252310381 15.6974011179091,-18.0843265798256 15.6984490776737,-18.0845686786984 15.6988983596633,-18.0847134029631 15.6995963973979,-18.0851933691335 15.6999952836978,-18.0855769466086 15.7004938826688,-18.0861996612838 15.7008924011189,-18.0867743975788 15.7012912792521,-18.08715789042 15.7017902404827,-18.0873504928383 15.702489002717,-18.0875915967396 15.7029879590552,-18.0877842033869 15.7036359601902,-18.0886941927395 15.7037850017886,-18.0892681206943 15.7043833211109,-18.0898911938525 15.7049312415535,-18.0907052409828 15.7051771168214,-18.0911618987513 15.7056782377372,-18.0920933994176 15.7060767615819,-18.0927636330124 15.7062754770538,-18.0935288092398 15.7065242371457,-18.0942942586053 15.7067726372169,-18.095155198353 15.7069213205853,-18.0961114492004 15.7072201194891,-18.0965902474461 15.7076190015165,-18.0969259511882 15.7081683628079,-18.0969275688928 15.7088674771299,-18.0967862719403 15.7095665985002,-18.0967883381294 15.7101155996644,-18.0970289087801 15.710913719563,-18.0976047321555 15.7113126002414,-18.0979882200308 15.7116114021086,-18.0986103915631 15.7119101991087,-18.0992324669296 15.7122586801753,-18.0998906429153 15.712657558281,-18.1004175013708 15.7136054396841,-18.1008503977687 15.7143538794221,-18.1013304594684 15.7150522816235,-18.1018582166044 15.7156509635692,-18.1022422510707 15.716649240451,-18.1025319586317 15.7175477974524,-18.1026301503717 15.7182465565591,-18.1029188680991 15.7188942016441,-18.1041632990783 15.719292719831,-18.1048813201192 15.7196908784697,-18.1056949208528 15.7202391629786,-18.1064610867485 15.7207377581356,-18.1071793776273 15.7212360009438,-18.1080410392526 15.7225330797733,-18.1090962026146 15.7233312020764,-18.1097197218505 15.724429201314,-18.1100096125989 15.7254152423235,-18.1100602819749 15.7261143622064,-18.110205630214 15.7269625222688,-18.1106381709994 15.7283603970597,-18.1108810801183 15.7294083594425,-18.1113141583766 15.7301564412551,-18.1120809630828 15.7307050818006,-18.1126559675081 15.73103232162,-18.1131800436929 15.7311536383676,-18.1133740772444 15.7316011204136,-18.1150479887317 15.7315496414311,-18.1163860165083 15.7311993602008,-18.1171018780416 15.7308487169605,-18.117817742668 15.7304487615505,-18.1181988882988 15.7296996027727,-18.1184357735456 15.7291001991084,-18.1185774285094 15.7284507581603,-18.1188144922836 15.727951081852,-18.1191475809428 15.7274510431031,-18.1196719209778 15.7267501212987,-18.1211394598927 15.7266500372727,-18.1214736318123 15.7266989990781,-18.1220950813024 15.7267483203193,-18.122764317324 15.7271468376087,-18.1235300413527 15.7273959617012,-18.1241042388376 15.7279942780428,-18.1248705931542 15.728942158653,-18.1256379326697 15.7294407587941,-18.1260694786324 15.7297395602888,-18.1267393493269 15.7298885986517,-18.1274566493347 15.7302871178178,-18.1283179498404 15.7307853620353,-18.1292751927353 15.7312839570495,-18.1298501088976 15.7320827984205,-18.1301390981714 15.7327318827258,-18.1301886869015 15.7337305232135,-18.1302870570761 15.7343792387307,-18.1306712722609 15.735177720397,-18.1311035381798 15.7359761963937,-18.131631479716 15.7370738373408,-18.1324947562779 15.7384206007057,-18.1339800320281 15.7393180838977,-18.1351295103764 15.7402159197506,-18.1362312030334 15.7407638386807,-18.1374273884681 15.740763120246,-18.1381920296302 15.7405125621621,-18.1389560404003 15.7403116785525,-18.1397200524268 15.7404103179757,-18.1408194896268 15.7407588022632,-18.1418240727229 15.7414075170084,-18.1424949312701 15.74205587887,-18.1432971931033 15.742355042419,-18.1437758979448 15.7427038774263,-18.1444459486353 15.7430023187112,-18.1453069784987 15.743251081213,-18.1461201322155 15.7434494390897,-18.1475543676284 15.7432481982953,-18.1489874424605 15.7430473218047,-18.1499904883746 15.7426469962777,-18.1505628933237 15.7422466780046,-18.1512786564877 15.7418463615844,-18.1519465530286 15.7416458413887,-18.1527584401438 15.7416447582546,-18.1536664515399 15.7418434763337,-18.154479417467 15.7422423610246,-18.1552451385699 15.7426912819259,-18.1558198828401 15.7433396383397,-18.1564429505472 15.7437881973473,-18.1572565501555 15.7439156373051,-18.1575216889099 15.7442612389718,-18.1582335931798 15.7444858779948,-18.1586922288156 15.744635283128,-18.1593138570976 15.745283998789,-18.1596979801372 15.7460828409614,-18.159986878444 15.7464820828179,-18.1603224931646 15.7467812412523,-18.1608011997427 15.7469803184739,-18.1615185880233 15.7470789619868,-18.1625702390047 15.7474504832681,-18.1632501891873 15.7482413988914,-18.163552679601 15.7488040829973,-18.1632988797075 15.7492792832278,-18.1628388869731 15.7500792014089,-18.1624851012435 15.7514148004806,-18.1621183478548 15.752736717506,-18.1620272678245 15.7545306015326,-18.1616649300529 15.7563241230654,-18.1609413281832 15.7572673197435,-18.1601280002291 15.7583044777125,-18.1586824183371 15.7603784369195,-18.1558815320944 15.7604706003138,-18.1541655892071 15.7603737596249,-18.1521788375148 15.7605606002946,-18.150372542672 15.7606524029599,-18.1482953434383 15.7619721605674,-18.1464883211222 15.7634816431538,-18.1456746306536 15.7648975187725,-18.1452221093459 15.7655599198489,-18.1451412930173 15.7663846831504,-18.1450404906795 15.7671403231868,-18.1454012986264 15.7684633209011,-18.1462131909607 15.7702593582821,-18.1469285965237 15.7716136789193,-18.1476976507492 15.772619880266,-18.1476552637187 15.7740123617282,-18.1474221573405 15.7754699997819,-18.1476746978812 15.7771803630378,-18.1488224685174 15.7787586012215,-18.1485540035717 15.779985837649,-18.1483724730321 15.7813066791664,-18.1475586875874 15.782155200839,-18.1463840110377 15.7853984385333,-18.1449544512231 15.7882676368611,-18.1431983692313 15.789564719761,-18.142842601066 15.7918759234057,-18.1428544777701 15.7940470779917,-18.1426721416788 15.7958423964223,-18.1433931331742 15.7987713584827,-18.1447453805126 15.8012287179483,-18.1463688899313 15.8040633606671,-18.1478114077722 15.8059519216111,-18.1479000571038 15.8085961216233,-18.147988080978 15.81067440205,-18.1485280780463 15.811902717989,-18.1492494284874 15.8140753172647,-18.1497893392964 15.8154929988925,-18.1504201507034 15.8171000394376,-18.1515926733276 15.8185915197773,-18.1529314194564 15.8190393606489,-18.1549629936492 15.819211440401,-18.1571437808977 15.8195329195039,-18.1588768189741 15.8201639991025,-18.1599786906826 15.8205887980165,-18.1608165918805 15.8211395990022,-18.1614019506959 15.8217364795081,-18.1617347703596 15.8224021178139,-18.1621709116594 15.8235386427874,-18.1628252088855 15.8241812437958,-18.1636745387272 15.8245369197607,-18.1652010266048 15.8244224402695,-18.1663028991807 15.8242384805924,-18.1673703016868 15.8246287232787,-18.1684606522712 15.8255240397089,-18.1699298125695 15.8260773608074,-18.1707971406614 15.8270508020737,-18.170629921076 15.8277736798292,-18.1707447579562 15.8282503169997,-18.1712465097409 15.8291942399348,-18.1709746215909 15.8297597976326,-18.1704321927088 15.8302306770073,-18.1695286823168 15.8309845226834,-18.1684442719405 15.8319266405424,-18.167088690275 15.8325861589554,-18.1661849098235 15.833339998084,-18.1652811282521 15.8345456429095,-18.1640991600626 15.8355554369218,-18.1638008073776 15.8370937181682,-18.1639269908473 15.8383101615436,-18.1640532590486 15.8395154430169,-18.1646845168605 15.8402843962468,-18.1657863910514 15.8409270033541,-18.167140802661 15.8418338408158,-18.1688624124263 15.8432227178324,-18.171559621412 15.8441867980757,-18.1723401027351 15.8450630418866,-18.173125526798 15.8466690032893,-18.1733044518384 15.8475038404126,-18.1733501688693 15.8484909576371,-18.1732238995909 15.8494082417501,-18.1736626499515 15.8504479183421,-18.1742936434454 15.8512798796353,-18.174876662899 15.8517046833732,-18.1759211069213 15.8519113171294,-18.1774591198868 15.8509278017013,-18.1785375865592 15.8501743213007,-18.1797123572389 15.8495155223366,-18.1810677600913 15.8498945979971,-18.181880096648 15.8509360821406,-18.183323787468 15.8520711623701,-18.1842256829696 15.8539597217606,-18.1842235237679 15.8549986790084,-18.1841320788049 15.856603916992,-18.1840399217523 15.8582087965117,-18.1837671289768 15.8596250403019,-18.1834042470603 15.861419277738,-18.1834021829516 15.8630263225689,-18.1841228095625 15.8645390430722,-18.1851143404995 15.8651067614413,-18.185655507794 15.866713440155,-18.1862857796357 15.8681303978006,-18.186464701933 15.8705859584706,-18.1864617313775 15.8729468417215,-18.1864588485577 15.8750243965379,-18.1863659671203 15.8767002033671,-18.1859123667814 15.8781171634825,-18.1861814715904 15.8792518816681,-18.1869025500157 15.8814248411072,-18.1873512916629 15.8823701984363,-18.1877112924221 15.8837882402529,-18.1885222826169 15.8855849985483,-18.1896036295874 15.8869094407477,-18.1906856132995 15.8885157621589,-18.19122533998 15.8896504829647,-18.1918559731227 15.8909731237047,-18.1920347969356 15.8920117239686,-18.1919431789201 15.8925765589731,-18.1909490417008 15.8931403228576,-18.1895033676629 15.8939881224886,-18.1884185991131 15.8951196001107,-18.1874237401845 15.8959691992568,-18.1873322981037 15.8970103199949,-18.1884145519896 15.8977688426811,-18.1897680587698 15.8981489977042,-18.1911221985496 15.8978710794818,-18.193651109629 15.8977796425865,-18.1952766864669 15.8975935220055,-18.1966315492728 15.8975971191812,-18.1984376678534 15.8981547598827,-18.1990600214734 15.8989463982233,-18.2000356201924 15.8994939604483,-18.2022956987057 15.8998748419816,-18.2036497500309 15.8998784391945,-18.205546137307 15.9006913218309,-18.2068074897042 15.9015636004083,-18.2074846503624 15.9026652036213,-18.2085061514308 15.9034762833561,-18.2096952331047 15.9052734020071,-18.2108667564502 15.9066000032031,-18.2128516228537 15.90820992376,-18.2148360300876 15.9083071206225,-18.2162807988135 15.9082156812743,-18.2176354818946 15.9078405565299,-18.2189906122632 15.9068041223973,-18.2201660131739 15.90567228204,-18.2209804235635 15.9045407980754,-18.2219753682408 15.9042599993862,-18.2232400502646 15.90426215817,-18.2244140089737 15.9045498028367,-18.2263099485095 15.9050249963799,-18.2277541797034 15.9054994807968,-18.2287468784189 15.9063508821905,-18.2293778707364 15.9072008422598,-18.2292863419383 15.9083344777183,-18.2292847213632 15.9095631592306,-18.2295539077184 15.9102259198497,-18.2302753518982 15.910701119789,-18.2317195784155 15.9124049982299,-18.2333426421367 15.9142975218332,-18.23487506744 15.9160960785247,-18.2364979489783 15.9167602815894,-18.2378515518796 15.9170457564553,-18.2388445187466 15.9166706366896,-18.2401996510744 15.9162015596933,-18.2417354985187 15.9156381584205,-18.243271531943 15.9149797225779,-18.2446270224967 15.9148882796836,-18.2460720586041 15.914797202621,-18.2476073671305 15.914422078861,-18.2489624984651 15.9147079226872,-18.2500457397711 15.9153231579491,-18.2508037232161 15.915385799642,-18.25137522252 15.9152698838841,-18.2517664498182 15.9151546768099,-18.2526045319117 15.9143266769318,-18.2534755475311 15.9137528376446,-18.254233081321 15.9129950374559,-18.255415229213 15.9122491182926,-18.2566204185289 15.9115467567039,-18.2575792809274 15.9103234770698,-18.2586974403969 15.9092755226706,-18.259871308882 15.9084619188693,-18.2616457526594 15.9084064773067,-18.2629307710405 15.9086415574295,-18.2637686710345 15.9099271190269,-18.2646617403741 15.9108033615395,-18.2649405590817 15.9118538406494,-18.2649398372341 15.9134875193733,-18.2647711822941 15.9152385594842,-18.2648817870334 15.9157641583602,-18.2650490118849 15.9162919194294,-18.2662218902647 15.9162368414878,-18.2678421604855 15.9155992791037,-18.270021510077 15.9151931975239,-18.2711391280985 15.9144951567735,-18.2722011321499 15.9139141229404,-18.2734865111553 15.9136833598189,-18.2747716212869 15.9136883989389,-18.2771739872367 15.9128744433236,-18.2788506017559 15.9119420381498,-18.2794099479872 15.9108350409713,-18.2804721314191 15.9103123190395,-18.2817016174886 15.9101398793825,-18.2829308415136 15.9101424027961,-18.284271656395 15.9092694015122,-18.2854455292032 15.908513042181,-18.2866751113874 15.9075233982247,-18.28800260863 15.9076432764454,-18.2894551180671 15.908229723183,-18.2908514696668 15.9092848816074,-18.2929738527998 15.9098122784495,-18.2940909334882 15.9108649228308,-18.2949841821258 15.91180055993,-18.2957657390071 15.9132610816579,-18.2964351605993 15.914371320657,-18.2970489632781 15.9144901221555,-18.2979428399901 15.9143180420661,-18.2993396368128 15.9143788792839,-18.3006245709521 15.9144393572299,-18.3015743418522 15.9144418763288,-18.302747581054 15.9146783996326,-18.3043675821734 15.915030841028,-18.3052612800428 15.9160838425324,-18.3063780014256 15.9163196384657,-18.3074951707382 15.9166144790965,-18.3088917020905 15.9163837208496,-18.3102885929181 15.9166785603589,-18.3116292287821 15.9174392411109,-18.3125226599183 15.9182575184693,-18.3129689672621 15.9189015578763,-18.3138485405442 15.9187859989865,-18.3144631475204 15.9184958418195,-18.3151896279076 15.9179130035829,-18.3157487105495 15.9171555570327,-18.3163637681545 15.9161641164467,-18.3169232083845 15.9145887571712,-18.3172594525685 15.9126627581969,-18.3174841794633 15.9110283580737,-18.3176529302137 15.9099786017745,-18.3181004967613 15.9091041560916,-18.3188274327633 15.9086987993799,-18.3203360968988 15.9086437202461,-18.3219563727718 15.9089972421273,-18.3236321701821 15.9092341214483,-18.3251404822023 15.9097615224123,-18.3262016689235 15.9103476020284,-18.3273186573214 15.9105851974754,-18.3292739082952 15.9103562425319,-18.3315087866737 15.910009200062,-18.3330175508969 15.9100124366054,-18.3345259505262 15.9099573601316,-18.3362021116995 15.9101355586207,-18.3375987318311 15.9107241623595,-18.339986698297 15.9109603188958,-18.3411597607803 15.9113134782329,-18.3425003974685 15.9112587615116,-18.3443441412099 15.9109711172166,-18.3463555502977 15.9105646806488,-18.3475290602004 15.9097496368437,-18.3487028378401 15.9089349592257,-18.3499884023357 15.9087628783801,-18.3514969775293 15.9086491210561,-18.3530613610973 15.9084781232131,-18.3550727712843 15.9081307201814,-18.3564138605997 15.9081343170604,-18.3581457317059 15.908604481295,-18.3596538587868 15.9093079190739,-18.3610501219425 15.9103040415541,-18.3626138705121 15.91199891699,-18.3633948917835 15.9138104425132,-18.3640081512022 15.9160741212276,-18.36434186924 15.9170673623561,-18.3646205132166 15.9198714007866,-18.3651213584318 15.922324436158,-18.3653430297915 15.9243098384433,-18.3652856990198 15.9255345572608,-18.3646143892172 15.9260000417761,-18.3638319329173 15.9271066813532,-18.3625461028309 15.928214037384,-18.3615955200167 15.9295564820485,-18.3612033890022 15.9310169995223,-18.3615374685905 15.9321866404787,-18.3624304482907 15.9330074418501,-18.3638824226112 15.9332439569132,-18.3652789472992 15.9333631200626,-18.3663263728794 15.9334811974183,-18.3668849968016 15.9341248810364,-18.3674431805963 15.934944237375,-18.3682246503157 15.9358802420367,-18.3691178093711 15.9372251996723,-18.3698989195619 15.9385122036067,-18.3709593923284 15.9393319223477,-18.3718525466663 15.9398031571902,-18.3737517331178 15.9397491621659,-18.3755953801313 15.9389337568518,-18.3766016715931 15.9378256778387,-18.3772171824851 15.9364839597357,-18.3780003573989 15.9351433206221,-18.3791187933355 15.9347368798218,-18.3800689208157 15.9347386773869,-18.3809069094806 15.935384160651,-18.3823589664491 15.9359119197585,-18.3833641769705 15.9365044810635,-18.3853448117238 15.9377792417807,-18.386640541929 15.938714161899,-18.3876933626523 15.9400717213254,-18.3881786392189 15.9413435971696,-18.3881778328971 15.9426147594136,-18.3879338407875 15.9444795575127,-18.3878514871072 15.945922077366,-18.3884176828182 15.9472807183137,-18.38938913753 15.9479611231618,-18.3902800506522 15.9483866417288,-18.3909280509655 15.9489831582072,-18.3922242307695 15.9495793200467,-18.3931962287755 15.9508522769214,-18.3938435107692 15.9523794035385,-18.3941665205729 15.9539907619854,-18.3944894378624 15.9555196828668,-18.3959129698424 15.956369278773,-18.397083688521 15.957264600375,-18.3987364487311 15.9583431619421,-18.399838317296 15.9597705575829,-18.4004006370497 15.960367081339,-18.4015346374817 15.9602846383898,-18.4025071783052 15.9596092796914,-18.4037232585463 15.9572185191122,-18.4059444563856 15.9548687982362,-18.4067252115069 15.9530061593797,-18.4077801028944 15.9503821169578,-18.4095648908144 15.948944999851,-18.411389282666 15.9481893606079,-18.4143881689648 15.9484953595714,-18.4173761689082 15.9487937970574,-18.4208653815034 15.9488855994809,-18.4256859570812 15.9485626768801,-18.4284882008104 15.9491609999008,-18.4303515626392 15.9495894013971,-18.4321340082157 15.9506956764704,-18.4337539217562 15.9512918411289,-18.434806922286 15.9512090428043,-18.4356173719666 15.9500249983634,-18.436833812438 15.9483329976815,-18.4385367871396 15.9472342770468,-18.4400773216513 15.9468141613779,-18.4416983079239 15.9465639604078,-18.4434812966951 15.9465675623062,-18.4448588415889 15.9487020033911,-18.4486412666565 15.9497352025634,-18.4508449194485 15.9507223194709,-18.4536225027442 15.9505613982252,-18.45539010264 15.9493676438135,-18.4561705802607 15.9478527623192,-18.4566067220209 15.9447538767938,-18.45669851936 15.9420880833613,-18.4561366487995 15.9398103612358,-18.4563303308481 15.938286123042,-18.4572227678141 15.9372716432822,-18.4586010280029 15.9369350392819,-18.4598168389189 15.9364299608585,-18.4612758306389 15.9357553184049,-18.4629780025282 15.9347412008253,-18.4645184414087 15.9336417564704,-18.4658156990033 15.933219837737,-18.4667884207489 15.9332227210181,-18.4679229619471 15.933647882517,-18.4684088687115 15.9362780367918,-18.4687312497019 15.9405220783317,-18.4701869097665 15.9452733562178,-18.4706697633195 15.9502816811689,-18.4723677030051 15.9524902787183,-18.4737436174874 15.954276599821,-18.4757681704119 15.9550441166759,-18.47746926267 15.9551326783568,-18.478927887167 15.9553591202315,-18.4803424222025 15.955106759861,-18.4819493725449 15.9545098791408,-18.482844603517 15.9541884009696,-18.4836709807049 15.9544688438559,-18.4848844526008 15.9562533625407,-18.4860986413672 15.9567652807888,-18.4873137294367 15.9565132775757,-18.4883673586676 15.9554984405152,-18.4895027085085 15.954313317438,-18.4904760597061 15.9535511971955,-18.491124959099 15.9516882019915,-18.4924229426414 15.9504177577828,-18.4931532017294 15.9486101995632,-18.4946665491891 15.9472854022035,-18.4957487123916 15.9471183634405,-18.4973523293909 15.9467281160585,-18.4983164106351 15.9467281224774,-18.4993953304351 15.9456848399109,-18.5002879528138 15.9454422001711,-18.5007169790085 15.9454206006974,-18.5007549602874 15.9434629213537,-18.5043792632897 15.9433074000864,-18.5059202421729 15.9433138773907,-18.5076148489875 15.9441285601316,-18.5097700821118 15.9467194810573,-18.5122296891821 15.9491444359889,-18.5134571108063 15.9526940415761,-18.5134497305311 15.956082718637,-18.5135966088409 15.9593115563246,-18.5140519219659 15.9617390376482,-18.5158954818442 15.9641683167421,-18.5182011901565 15.9664402780974,-18.5215855511275 15.9693580833798,-18.5249684724023 15.9729145171756,-18.5266553400609 15.9759889211098,-18.5288053532756 15.9816452385969,-18.5309495118226 15.9887581208989,-18.5341685428875 15.9902197178913,-18.5364760527871 15.9911953179418,-18.5383224887473 15.9913699165478,-18.5415573577079 15.9909026433942,-18.54571797011 15.9886551599566,-18.5486502628569 15.9868889979466,-18.5508111633838 15.9848074817779,-18.5549755500147 15.9827270381597,-18.5592939302488 15.9820945170377,-18.5625305964463 15.9824321995062,-18.5662271726565 15.9840579598557,-18.5691506380475 15.9858392374941,-18.570687118395 15.9885856803367,-18.5712970527191 15.992298356981,-18.5714424887266 15.9948820770778,-18.5717446178568 15.9968206764648,-18.5722022728578 15.9992816404766,-18.5720985018771 16.004035440623,-18.5734339206358 16.0067599228234,-18.574473240483 16.0083917963765,-18.5751115231854 16.0103487601531,-18.5763113994257 16.0116786017716,-18.5778451819345 16.0128680378159,-18.5789119500212 16.0146143963848,-18.5796448192394 16.0157347168681,-18.5810452219766 16.0167157200248,-18.5826458708765 16.0179080408152,-18.5848469132249 16.0186111187557,-18.5869814401477 16.0193113187977,-18.5879151001013 16.0204996824695,-18.5885147719411 16.0214799628568,-18.5897818766133 16.0221117625403,-18.5912492415204 16.0221844794699,-18.5924501111556 16.0217002808245,-18.5941851315112 16.0209381620699,-18.5964540326192 16.0203873605946,-18.5994567029007 16.0201141226347,-18.6017920193544 16.0199125217603,-18.6049278925542 16.0196371192748,-18.6063958785059 16.019011078558,-18.6073303483115 16.0178284806675,-18.6090324278404 16.0167866366142,-18.6110345683682 16.0160932824729,-18.613036527872 16.015887716943,-18.6145045197358 16.0153340376942,-18.6165063873938 16.0145722765454,-18.6189754520616 16.0146482370913,-18.6214439698625 16.0150737628611,-18.6241124676221 16.0159226401356,-18.6285153598513 16.0173982814892,-18.6323174073759 16.018172639724,-18.6349188615936 16.0192947595507,-18.6368530528403 16.0218867631998,-18.6403540501967 16.0239175223943,-18.642754620925 16.024409643179,-18.6440219125652 16.0242728412456,-18.6450894883841 16.0241349629768,-18.6458234390396 16.0226729971092,-18.6474923974542 16.0220487623588,-18.6492274233386 16.0224011999266,-18.6504948869868 16.0238728780792,-18.6525621926726 16.0249244425593,-18.6542961308895 16.0255566028063,-18.6556968021131 16.0261182020311,-18.6568973103977 16.0262625573821,-18.6586318823752 16.0260595217108,-18.6612340494998 16.0264133968616,-18.6631019073987 16.0265584800684,-18.6651033318594 16.0267716008468,-18.6665042688106 16.0274073620144,-18.6694727424726 16.0275509985213,-18.6709404633521 16.027135918418,-18.6724752286099 16.0268608822305,-18.6740766879821 16.0265847571381,-18.6753445232677 16.0267280412754,-18.6767454602921 16.0273591200298,-18.6778125021182 16.0278483600207,-18.6778789231161 16.0285471191747,-18.6781453198723 16.0286893184081,-18.6790125629585 16.0284117607098,-18.6798132880572 16.0279937964687,-18.6801471904021 16.0272255578749,-18.6801477286421 16.0259662828912,-18.6792812998139 16.025893921314,-18.6783472774099 16.0254719982983,-18.6771465928968 16.0242811232958,-18.6757463676663 16.0229527218542,-18.675146789455 16.0221837569398,-18.6748803917903 16.0207167591633,-18.6746812185159 16.019669159137,-18.6746151589229 16.0195982401579,-18.674081460007 16.0200856833223,-18.6736141832777 16.0209914365862,-18.6728130009178 16.0213384785885,-18.6718787085142 16.0209849617315,-18.6702776962483 16.0198639204588,-18.6688106096432 16.0187432428853,-18.667410298619 16.0173446415276,-18.6666772495512 16.0150395629742,-18.6664118390593 16.0132931985603,-18.6661459800398 16.0125249613446,-18.6660130493795 16.0113376819483,-18.6660137694261 16.0093825198329,-18.6660149389844 16.0084051166158,-18.6661489481026 16.0072196407341,-18.6667500567299 16.0061727593577,-18.6670175385696 16.0049851200578,-18.6668180996813 16.0048422016553,-18.6655505372642 16.0045599574692,-18.6643497593335 16.0045578011996,-18.6634824323285 16.0048349974612,-18.6624814481351 16.0048321167817,-18.6614139597553 16.0039918800063,-18.6604136973503 16.0028722820529,-18.6594803111538 16.0012659572653,-18.6592809605704 16.0005668383209,-18.6590144710587 16.0003562415656,-18.6584808628212 16.0000041576893,-18.6572467782649 16.0004192409541,-18.655645318467 15.9998587173401,-18.654911732129 15.9992837982843,-18.654826498776 15.9988140022188,-18.655365960746 15.9981681575072,-18.6560120693601 15.9976843163685,-18.6566577336084 15.997254479159,-18.6572775630729 15.9968253606806,-18.6581036731786 15.996611521175,-18.6586713874479 15.996424320426,-18.6591101380862 15.99607512141,-18.6596265582497 15.9956189968579,-18.6604269292795 15.9952424396405,-18.6608402986421 15.9945706811556,-18.6617958269498 15.9939518387009,-18.6624676818698 15.99360299786,-18.6631130730546 15.9930925195793,-18.6638619629749 15.9927166786209,-18.6644558731002 15.9919916411943,-18.6655661998904 15.9912392428233,-18.6666379172317 15.9909710398737,-18.6671284202419 15.9905951984507,-18.6677480674158 15.9903000011566,-18.6683159675428 15.9899241631761,-18.6688840530186 15.9895749599178,-18.669400561865 15.9888488417496,-18.6703304424985 15.9883657217722,-18.6711565489945 15.9877195202664,-18.6717510879103 15.9874779612325,-18.6721383582652 15.9870203999683,-18.6726551371519 15.9867788367084,-18.6730681494023 15.9865653599713,-18.6736616970718 15.9862428024012,-18.674126546684 15.9858669587719,-18.6747203718445 15.9854637593511,-18.6753401073903 15.9847646366444,-18.6762183279228 15.9844420788696,-18.6766573496551 15.9839708403862,-18.6770838607422 15.9837296386654,-18.677574269819 15.9833800812741,-18.6779876415044 15.9828958766161,-18.6786075578516 15.9824926768881,-18.6791756419739 15.9819548384038,-18.6798214810306 15.9814706421749,-18.6803898323692 15.9809054405499,-18.681009838919 15.9804752386669,-18.6815781020296 15.9800180367215,-18.6821463617841 15.9796961991946,-18.6827142623583 15.9792127210453,-18.6834373194567 15.9788361574206,-18.6839795706021 15.9783253225997,-18.6846253179219 15.9778411192853,-18.685219407689 15.9773565565305,-18.6857104475669 15.9765228012803,-18.6866920800674 15.9757955968767,-18.687364018857 15.9751760373409,-18.6879326370852 15.9745291188698,-18.6883724669227 15.9742332020308,-18.6886825231239 15.9731830816739,-18.6897032991433 15.9724018826578,-18.6903754229228 15.9718363210386,-18.6908922898954 15.9708927617744,-18.6915132010185 15.9702461987916,-18.6920560820367 15.9688033204546,-18.6929101792053 15.9675631217814,-18.6937379121798 15.9658376404332,-18.6948246617628 15.9643551580986,-18.6959107771117 15.9623863214783,-18.6970495529694 15.9613621225893,-18.6977736927506 15.960202199133,-18.6984208782634 15.9592579172637,-18.6989127290522 15.9583949960749,-18.6994303214544 15.9576933617381,-18.6997670083441 15.9569380822806,-18.7002069276815 15.9565748382384,-18.7006331725765 15.9561972020994,-18.7008144303791 15.9551989175533,-18.7013064611284 15.9544166387467,-18.7016948991341 15.9538229999707,-18.7019798420555 15.9532570834692,-18.7024193089465 15.9526911625342,-18.7028588706117 15.9518559620326,-18.7036083014463 15.9511273190765,-18.7039450795848 15.9505610435005,-18.7043329825856 15.9501023989677,-18.7045402518672 15.9493197615313,-18.7049286924063 15.9486721183443,-18.705213632435 15.9479711971543,-18.7056534595515 15.9471345575164,-18.7060419866786 15.9462453596663,-18.7067915072601 15.9453021585837,-18.7075412062574 15.9439262388828,-18.7082660712531 15.9427670436273,-18.7091193589082 15.9419307597861,-18.7096109421456 15.9409195205088,-18.7102575881103 15.9398676000309,-18.7109301607357 15.9392203201298,-18.7113440674485 15.9386813967598,-18.7117577119287 15.9386284798888,-18.7120800867043 15.9385478381792,-18.7121575784929 15.9375229177773,-18.7127784885624 15.9359860830594,-18.7138903463718 15.9344758806375,-18.7148989825823 15.9335330394266,-18.7157775569848 15.9329404817862,-18.7163201671088 15.931942199437,-18.7168894229095 15.9311062815999,-18.7174325715142 15.9301619981373,-18.7180017332257 15.928732797892,-18.7189586097287 15.9277885216207,-18.7195276828173 15.926938920634,-18.7200708298479 15.926399641685,-18.7204586364787 15.9260227222418,-18.7207946101315 15.9256457985943,-18.7212852887261 15.9252148802106,-18.721698657858 15.9248375976461,-18.7220603683085 15.9245405976356,-18.7221383106685 15.9238378801559,-18.7221912328701 15.9235149608719,-18.7225528471887 15.9226257591955,-18.7233539430542 15.9216832764654,-18.7244515818524 15.9201734395936,-18.7255374304782 15.9187442374875,-18.7265973576994 15.9172621178485,-18.7278894009666 15.9159420024106,-18.7291296000135 15.9147561561957,-18.7301889902609 15.9138943168253,-18.7310930418735 15.9134360366302,-18.7314806733364 15.9118858773077,-18.7327470627021 15.9101071204963,-18.7342974894742 15.9095141991369,-18.7348400982739 15.908626437903,-18.7360407019786 15.9076036792282,-18.7373317482442 15.9064455608213,-18.7385973281388 15.9054220828286,-18.7397080188496 15.904157039022,-18.7412831118691 15.9034845590173,-18.7422383675062 15.9028934406163,-18.7433224227464 15.9024095968546,-18.744096778168 15.9021414029662,-18.7447419004552 15.9019279196013,-18.7454384076919 15.9016852812348,-18.7457224478951 15.9010639194929,-18.7458783322645 15.8999569220109,-18.7462929608578 15.8992704016633,-18.747132213206 15.8989215590229,-18.747828992911 15.8985183600799,-18.7485258564606 15.8982235208781,-18.7492999504511 15.8980629584248,-18.749764261965 15.8979052779253,-18.7500790782072 15.897818162717,-18.7505241319851 15.897778198368,-18.7507431865102 15.896072523483,-18.7519864505563 15.894626760247,-18.7530456632542 15.8925661201597,-18.7546049998932 15.890813997271,-18.7564583723122 15.8898614437692,-18.7577232316095 15.8891857175173,-18.7586057716473 15.8883865188041,-18.7595177377266 15.8875563628333,-18.7603414183486 15.8868190828086,-18.761341588692 15.8863276814074,-18.7621358429763 15.885713158715,-18.7629300909342 15.8842533607786,-18.7647391808113 15.8834545195061,-18.7658569825413 15.8829631218321,-18.7665629429969 15.8820407971218,-18.7675043410106 15.8815188005553,-18.7685338476293 15.8808427190812,-18.7693868669677 15.8804744433118,-18.7701222616194 15.8799826771543,-18.7706811610378 15.8794902006025,-18.7709459412402 15.8789062804752,-18.7715636971812 15.8786305177501,-18.7724167215178 15.8781704399175,-18.7734755693139 15.877618199251,-18.7745933699617 15.8770043993127,-18.7759464281747 15.8763592829754,-18.7768583110093 15.8758671579762,-18.7772701525648 15.8751907200758,-18.778049642218 15.8747612410345,-18.7789320893878 15.8743929589579,-18.7797850222776 15.8739328768398,-18.7807850976976 15.87285720206,-18.7821970218337 15.8718736815871,-18.7835207381945 15.8712894018747,-18.784079642833 15.8707368006128,-18.7850797194157 15.8699372384795,-18.7859621714509 15.8693839213378,-18.7866681266546 15.8684770813738,-18.787697637599 15.8678622031356,-18.7885212290532 15.8674017608341,-18.7894036807961 15.8668491579511,-18.7903449024511 15.8666342402787,-18.79078607845 15.8652511180316,-18.7925656464908 15.8646063600587,-18.7938009888615 15.8638993171828,-18.7946834368909 15.8626706390895,-18.796860091065 15.8620878021858,-18.7983306908098 15.8615355625928,-18.7995954608068 15.8611060766022,-18.800624882699 15.8603086826026,-18.8027132384252 15.8596019973408,-18.8038015171077 15.8587117173029,-18.8056398590004 15.858528476751,-18.806492790434 15.8576994029756,-18.8079928198366 15.8569927167335,-18.809287022825 15.8563162779028,-18.8100223205913 15.855609961108,-18.8113753826943 15.8549950823668,-18.8121401083088 15.8545040388153,-18.8131989588092 15.8539212001596,-18.8146989932175 15.8534906403034,-18.8152578004951 15.8518141229215,-18.8168902199289 15.851046236791,-18.8182431906068 15.8503082389117,-18.8192432676724 15.8496011968329,-18.8203021189632 15.8489870379118,-18.8213904028516 15.8485881628239,-18.8223609570159 15.8480359232192,-18.8238609922 15.8476683626816,-18.8251551008343 15.8474861999295,-18.8267139012885 15.8473026020291,-18.8274786286513 15.8469649223806,-18.8281551578263 15.8464112405331,-18.828831601593 15.8457959970714,-18.8293610693759 15.8452113586969,-18.829861021145 15.8450270417864,-18.8301845703598 15.8444128781097,-18.8316110679257 15.8442926391366,-18.8332287299653 15.8442947979428,-18.8344052116604 15.8442966009681,-18.8355228289883 15.8442984012627,-18.836611107751 15.844084557641,-18.8376405290828 15.8435931578791,-18.8386110917479 15.8433476374656,-18.8392581932138 15.8429487605608,-18.8401993229303 15.842918882549,-18.840875849026 15.8427360018639,-18.8418758397883 15.8425520429671,-18.8426111429709 15.8423371188331,-18.8430523167631 15.8419083619766,-18.844596452027 15.8417564402584,-18.8458905627473 15.8414511580716,-18.84744936239 15.8412682774422,-18.8486846099681 15.8411782781672,-18.8500670075849 15.8409021621607,-18.8508905117099 15.8407491625634,-18.8514494123638 15.8406890369002,-18.8523316769436 15.8406595207731,-18.8531552710224 15.840845283305,-18.8536846531322 15.8412772766491,-18.8539787670005 15.8417409577124,-18.8545670133107 15.8418341996128,-18.8551552508481 15.8418658809163,-18.8556258577312 15.8418359964497,-18.8560964673321 15.841838160437,-18.8574641081004 15.8418093590388,-18.8584935319965 15.8418730794919,-18.8596994412433 15.8418745217343,-18.8606111379166 15.8419382417233,-18.8617288476907 15.841908721375,-18.862581778776 15.8418799177486,-18.8636406289463 15.8416973995474,-18.8649935106346 15.8413593608305,-18.865581752335 15.8412373169473,-18.8663170515892 15.8413309159763,-18.8671112129557 15.8413939217681,-18.8677582203757 15.8411203226207,-18.8700083132266 15.8411836768975,-18.8710670695577 15.8411548772993,-18.8720377192998 15.8409410363961,-18.8731847697173 15.84069552099,-18.8739494134778 15.8404820419898,-18.8751847464187 15.8404845614438,-18.8765670625832 15.8402102377048,-18.878361208217 15.840120242544,-18.8798906670042 15.8400298783951,-18.8811553481233 15.8399697565024,-18.8820082780936 15.8399704831601,-18.8824788896148 15.840126357904,-18.8833464882255 15.8402520023209,-18.8847876622435 15.8403466831859,-18.8859347971798 15.8403185988511,-18.8875523728638 15.8404453187336,-18.8894935802017 15.8406325177784,-18.8908759803553 15.8407891206387,-18.8922877191821 15.8408218810511,-18.8933759090654 15.8407311574212,-18.8942582673744 15.8408258423448,-18.8955818136528 15.8408290811799,-18.8974789168542 15.8411401162934,-18.898920089133 15.8413611627717,-18.9020965494465 15.84167292189,-18.9039788993144 15.8418604795858,-18.9053612102169 15.8421099571482,-18.906949442193 15.8422348802039,-18.9080082898244 15.8425138814282,-18.908684726573 15.8429174376967,-18.9103759192897 15.8431978767143,-18.9119053790934 15.8434171188228,-18.9138759319323 15.8435744423608,-18.9156112190038 15.8437004431669,-18.9171405894323 15.8439182371447,-18.918375929225 15.8442289222309,-18.9195817474386 15.8445701986867,-18.9207287974342 15.8450961622669,-18.9217287876424 15.8461801163419,-18.9244199675213 15.8472619182554,-18.925919912925 15.8479117223768,-18.9270963890345 15.8475740415133,-18.92786102689 15.8463723624713,-18.9283905035004 15.84507744206,-18.9286552769852 15.8437515602582,-18.9287434789667 15.8421798007749,-18.9291258934613 15.8411325572374,-18.9298611872924 15.8406710406802,-18.930478857042 15.8401177167062,-18.9315376191751 15.8401501238938,-18.9323906408909 15.8405529595503,-18.9334788290108 15.8408622006638,-18.9340376395411 15.8412063591806,-18.9368758818777 15.8419166378004,-18.9373170593183 15.8427500405216,-18.9377582390777 15.8432133635434,-18.9382287564614 15.8439535231208,-18.9382876172841 15.8447858426149,-18.9379640710797 15.846420601132,-18.9382875301084 15.8475013228082,-18.9389933996342 15.8481194384576,-18.9396991766875 15.8482141204573,-18.9409932893517 15.8479379962599,-18.9416109595464 15.8469206379647,-18.9418463110891 15.8456563201318,-18.9418463075195 15.844577042461,-18.9420816598249 15.8436219605138,-18.9424640695307 15.8431600768401,-18.9429640202917 15.8430078032372,-18.9439346705256 15.8431330767755,-18.9451258177428 15.843753001321,-18.9467728237293 15.8441554793992,-18.9477728107032 15.8450824769857,-18.948831660007 15.845731200348,-18.949331611968 15.8464115966551,-18.9504492318467 15.8468774422687,-18.9522727185449 15.8473112383326,-18.9532727092288 15.8475909617133,-18.9545373882646 15.8477785218563,-18.9559785585919 15.8477500823031,-18.9571256084681 15.8476899572285,-18.9580079686257 15.8477839189782,-18.9589785295542 15.8481860426844,-18.9595961082328 15.8488041631478,-18.9601549211042 15.8494834819499,-18.9607430725567 15.8504450429191,-18.9635518808905 15.850447919365,-18.965140110722 15.8509749614363,-18.9666400513882 15.8524279179562,-18.96855164766 15.8532332380186,-18.9703751393589 15.8541001172895,-18.9721691080626 15.8552449229911,-18.9740219391933 15.8554940421527,-18.9752130889189 15.8559296424861,-18.9772718406439 15.8563634400214,-18.9782423991057 15.8568901222549,-18.9796247114477 15.8572933220289,-18.9808011033332 15.8580057619353,-18.9824186678962 15.858315721476,-18.9831833095162 15.8594763637178,-18.9851978678553 15.8610225591413,-18.9872858680368 15.8628769193636,-18.9890503194511 15.8640825597436,-18.9903736803059 15.8647021205935,-18.9918147572188 15.8649512409179,-18.9929322909188 15.8656323607029,-18.994226312359 15.8660341201585,-18.9945497699011 15.866498162503,-18.9953731800299 15.8666842832825,-18.9959025616865 15.8666860783953,-18.9966967179944 15.8666875200325,-18.9975496494694 15.8667368394369,-18.9981627270675 15.8669290775713,-18.9988783228619 15.8675439574935,-18.9994129235094 15.8681123989946,-19.0001267977137 15.8698785569932,-19.0007317825311 15.8727319181851,-19.0011798908806 15.8738630383493,-19.0025610303188 15.8750143169152,-19.0039673725794 15.8758686031929,-19.0048423467958 15.8759359202896,-19.0054990781804 15.8760367226858,-19.0064686523524 15.876333360375,-19.0070938774073 15.8766627596307,-19.0076878790561 15.8770584029187,-19.0085632188882 15.87719159813,-19.0093763705758 15.8771941207206,-19.0103459389826 15.8771635228302,-19.0110966275914 15.8771984377281,-19.0119098696816 15.8772668425301,-19.0130045404369 15.8774652027319,-19.0136924979777 15.8778921588407,-19.0139735711297 15.8792047198426,-19.014472618654 15.8797306821561,-19.0150351205328 15.8797656023841,-19.0158795920489 15.8795377205693,-19.0165053602158 15.8791125625581,-19.016787329382 15.8787194433089,-19.0169128795849 15.8782280381363,-19.0171009781574 15.8779015225177,-19.0176018276015 15.8779364408842,-19.0184462988327 15.8779400427541,-19.0198381534766 15.8782049994207,-19.0208387678741 15.8785671629654,-19.0214014488631 15.8789617163961,-19.0219328070705 15.8790617971053,-19.0225895433628 15.8789988011104,-19.0235592012409 15.8790999584152,-19.0246538698101 15.8791021186473,-19.0254671118738 15.8793663595004,-19.0261862071376 15.8797609193356,-19.0266862531707 15.8801889612808,-19.0273739429536 15.8808798007191,-19.0282802375485 15.8810130020028,-19.028936966638 15.8810151569481,-19.0297814373792 15.8812801221975,-19.0308446994697 15.881675758569,-19.0317513624811 15.8823010786105,-19.0326264318417 15.8828608769013,-19.0334546976598 15.8831265583104,-19.0347681633462 15.8835553205053,-19.0357998285385 15.8835905994773,-19.0366442998416 15.8837882437658,-19.0370507409659 15.8840510398869,-19.0372694385043 15.8845428000854,-19.0372063479383 15.8854611570468,-19.0372679130802 15.886150200259,-19.0374235174572 15.8870023184542,-19.0373287515097 15.8875264817056,-19.0370780072235 15.8880506380863,-19.0370148268697 15.8885603978765,-19.0375460085564 15.8892516022013,-19.0385461826255 15.8899427978715,-19.0394837117223 15.8906343591937,-19.0406089788069 15.8912924418309,-19.0415465997992 15.8918522406833,-19.0424217630423 15.8924120413169,-19.0432343697821 15.8927752774965,-19.0442035784315 15.8930074803445,-19.0452355177862 15.8931086396399,-19.0462988691171 15.8933080793842,-19.0472839225665 15.8935388431653,-19.0476589521114 15.8939661630742,-19.0480963511701 15.89472144039,-19.0484396063996 15.8950173618827,-19.0488146396111 15.8950846829715,-19.0493775001956 15.895020236619,-19.0498780828231 15.8949565187314,-19.0505975408654 15.8952527983141,-19.0509724793029 15.8957128827461,-19.0513786497359 15.8965340417072,-19.0518781479233 15.8971589979427,-19.0525967994105 15.8973249627389,-19.0533473122575 15.8976554415805,-19.054253968628 15.8981173221893,-19.0552543185223 15.8987764825733,-19.0565046928457 15.8993366394345,-19.0574110804129 15.8997978018399,-19.0581612266143 15.9002924389363,-19.0591615818579 15.9006564021462,-19.0604435374421 15.900888239251,-19.0612721717844 15.9008245166267,-19.061929077788 15.9007273214888,-19.0623983423188 15.9004987236262,-19.0627426773843 15.9003032386849,-19.0631182467437 15.9003370790726,-19.063556099524 15.9006329990639,-19.0637747120816 15.9010930800192,-19.0641182416015 15.9014880004916,-19.064680740047 15.9016208417032,-19.0652749212152 15.9016553995633,-19.0659316492592 15.9017227204775,-19.066525921609 15.9020521227943,-19.0670571921907 15.9024463173718,-19.0674008070505 15.9032671202133,-19.0676813377348 15.9041206834809,-19.0679618671447 15.9048439220506,-19.0686177891724 15.9052388396073,-19.0691490579076 15.9053061603705,-19.0697432399453 15.9052748428505,-19.0702750527788 15.9051124819044,-19.0709320485085 15.9046221561422,-19.071401848215 15.9041311183571,-19.0718090113594 15.9037387214409,-19.0721535325017 15.9037074026678,-19.072716567085 15.9040691991471,-19.0730915113799 15.9044965216775,-19.0734663629039 15.9047600434461,-19.073935171481 15.9049580399027,-19.0743416082431 15.9053047198209,-19.0751700597628 15.9057010826722,-19.0762017286471 15.9061305621408,-19.0772646287093 15.9070860010644,-19.0788587125168 15.907975918787,-19.0804214703896 15.9086681995822,-19.0816717488848 15.9090314387089,-19.0826096384643 15.9099209986821,-19.0840160687896 15.910482598384,-19.0854541790559 15.9108458416351,-19.0863608367851 15.9108807591447,-19.0870488909522 15.9109473580308,-19.0874240998054 15.9111806363498,-19.0887219011167 15.9119719176895,-19.0902221987446 15.9134201977872,-19.0920970801739 15.9141441631651,-19.0928468675928 15.9148674025407,-19.0934715606128 15.9158206784096,-19.094189757463 15.9164452816092,-19.0947519016625 15.9169392037202,-19.095376860386 15.9173017206275,-19.096033230903 15.9175335629268,-19.0967211004156 15.9177981589718,-19.0975652101446 15.9181289979375,-19.0985656473818 15.9183957618322,-19.1000354407075 15.9185311192001,-19.1015365515499 15.9185005218977,-19.102318559242 15.9185123968731,-19.1064941081352 15.9186128418154,-19.1071195229464 15.9188767181175,-19.1076509674841 15.919830717657,-19.1085567311971 15.920815681872,-19.1089308582966 15.9215709581212,-19.1092113930127 15.9220637974189,-19.1095235084439 15.9226887606818,-19.1100856496205 15.9238213227545,-19.110396957054 15.9244776001625,-19.1104273793941 15.9255280810393,-19.1106449984108 15.9263161187057,-19.110925437229 15.9267106820276,-19.111268966788 15.9269421612341,-19.1119567479587 15.9270429624891,-19.1127385817025 15.9272092828863,-19.1134889976098 15.9273428398705,-19.1143646135664 15.9272459988451,-19.1148651909325 15.9269191207853,-19.1153034888619 15.9266908831716,-19.1158042480689 15.9269544024662,-19.1160854083193 15.9280365598592,-19.115990098534 15.9292832428384,-19.116019802045 15.929906760933,-19.116143998055 15.9311541601702,-19.1164082374671 15.932664001985,-19.1166876907646 15.9336820811217,-19.1170616414316 15.9343066770563,-19.1174986836554 15.9351929981426,-19.1177477111844 15.9358492806024,-19.1177780391955 15.936407280316,-19.1178711009119 15.9369332419929,-19.1182144470465 15.9372295196778,-19.1186519413167 15.9374278803101,-19.1191833882157 15.9376910365419,-19.1193393608909 15.9386756389899,-19.1195569817891 15.9394636823461,-19.1198061036285 15.9403665573312,-19.120055037128 15.9406959562733,-19.1204924414889 15.9406977595863,-19.1210554819147 15.9406995576645,-19.1216497520417 15.9407333961202,-19.1220562815419 15.9408982825722,-19.1222749809828 15.9414559211212,-19.1222742563254 15.9420135629815,-19.1223046766673 15.9427033226403,-19.1225852122682 15.9429996010003,-19.1228350483707 15.9428692830625,-19.1231792977184 15.9425755206713,-19.123742702807 15.942477958983,-19.1239930821994 15.9427418410543,-19.12443056733 15.9433326035238,-19.1245548609344 15.9439240821273,-19.1248980289992 15.9444180018649,-19.125491670581 15.9454378800629,-19.1263659299325 15.9459314408429,-19.1268969290939 15.9464242826024,-19.127177733214 15.9473433571702,-19.1273641176444 15.9480651635065,-19.127394359566 15.9486890397222,-19.1274872392966 15.9489521974914,-19.1277370767528 15.9488873996167,-19.1280500081157 15.9482649577952,-19.1282697919941 15.9474452424299,-19.1284899308251 15.9470197174801,-19.1287407588998 15.946987678356,-19.1290536023279 15.9472177237374,-19.1291783434238 15.9479067597993,-19.1292086733172 15.9484975228942,-19.1292390919291 15.949153798251,-19.1292694231813 15.9500394010913,-19.129268160464 15.9505315219847,-19.1292986697438 15.9516143982216,-19.1293909200089 15.9520082431094,-19.1293590603948 15.9522371975316,-19.1291398220403 15.9522357622715,-19.1287018772148 15.9518077213748,-19.1282021115133 15.9517080024035,-19.1278268972787 15.9520352416091,-19.1275136995433 15.9526583991771,-19.1274501615133 15.9536102414539,-19.1276052323212 15.9543986409103,-19.1279168075233 15.9549580785776,-19.1284789472828 15.9551567990961,-19.1291041773961 15.9554865628862,-19.1296354530185 15.9558155999376,-19.129916429882 15.9561107991475,-19.1299472994063 15.9564708028824,-19.1297277876526 15.956830800737,-19.1293832698405 15.9572570421092,-19.129257448651 15.9579284370678,-19.128912389365 15.958451518817,-19.1283799521086 15.9590401175141,-19.1277222318595 15.9598260012149,-19.1272205669668 15.9610377622442,-19.1265932719875 15.9622506019983,-19.1263098605925 15.9629396394309,-19.1262775519906 15.9638579993214,-19.1262762007579 15.9647770781495,-19.1264311802338 15.9658927177527,-19.1264920185858 15.9670072838892,-19.1261774677676 15.9685477229675,-19.125768509267 15.969399483615,-19.1253918606972 15.9703826416539,-19.1251088069046 15.9716613625631,-19.12479407987 15.9726452393912,-19.1247612289634 15.9734984426682,-19.1248224330297 15.9737115630932,-19.1248220675128 15.9732241203788,-19.1262616231174 15.9717927587958,-19.1300328008709 15.9717614414938,-19.1305019724468 15.9709795234779,-19.1321921689944 15.9702944398074,-19.1334131100619 15.9698700010327,-19.1340705626742 15.9695438369015,-19.1347279181003 15.9694138824462,-19.1351347174155 15.9693170433684,-19.1356352999087 15.9692871604168,-19.136542409447 15.9697911571226,-19.1403261881019 15.9699581961616,-19.1411703882124 15.9702235183449,-19.1421395119853 15.9705878436899,-19.1431398624607 15.9709183175779,-19.1439212389458 15.9712833621301,-19.1451874485557 15.9718446035036,-19.1463437721049 15.9722092817728,-19.1475317722215 15.9725069975964,-19.148313237554 15.9726402014393,-19.1488446931654 15.9726740375073,-19.1491887610614 15.9725764780421,-19.14950160063 15.9713319598296,-19.1502542686134 15.9692025619213,-19.1512271727622 15.9615190823834,-19.1546482490678 15.9611263180213,-19.1549303984479 15.9607335582188,-19.1553375592345 15.960178439517,-19.1560890596628 15.959884679575,-19.1565899089675 15.9593626826186,-19.1575916130308 15.9575360383324,-19.1610504919022 15.9572098771633,-19.1616765290799 15.9567191986516,-19.1621777399887 15.9553112382534,-19.1632432483663 15.954591242515,-19.1638386026906 15.9541329583779,-19.1642146198179 15.9538716024223,-19.164590278934 15.9536757595855,-19.1649033925799 15.9534802813422,-19.1652789593684 15.9534151223933,-19.1654354691944 15.9520554007991,-19.1661881376822 15.9488776788695,-19.1678505271867 15.945077518488,-19.1698890306685 15.9424235989644,-19.171237773018 15.9407856027007,-19.1722253432763 15.9378361197807,-19.1734805689943 15.9361318823456,-19.1742336024252 15.9351483580782,-19.1745164691352 15.9350770824895,-19.1745311365988 15.9340823993011,-19.1747368822552 15.9323108387097,-19.1749269563318 15.9314252410356,-19.1751157776624 15.9303758394141,-19.1752736427418 15.9291950405123,-19.1755567778054 15.9287036404104,-19.1757450585757 15.9279490786439,-19.1758711523399 15.9271290007422,-19.1759660993363 15.9261451199573,-19.1761238684156 15.925456439736,-19.1762810987613 15.9248991626685,-19.1765321070992 15.9239818805918,-19.1770649996693 15.923261162314,-19.1774726125961 15.9221473185205,-19.1781934187579 15.9217214374845,-19.1784754830631 15.9213610820158,-19.1786323489359 15.9207047997225,-19.1786957964536 15.9201471635323,-19.1786965186645 15.9196222798778,-19.1788222511585 15.9195574818728,-19.1791351808396 15.9194613595351,-19.1799485133121 15.9193663228,-19.1810745922111 15.9191078395172,-19.1825136875932 15.9189138017523,-19.1835460815385 15.9185901623462,-19.1850791363706 15.9185264411395,-19.1857672830103 15.9178762807623,-19.1878793976625 15.917648759177,-19.1886303620453 15.9174215966574,-19.1895376501216 15.9173906383891,-19.1901632431715 15.9173913569648,-19.190507312234 15.9174914435661,-19.1910701694131 15.9177232810765,-19.1917580375837 15.9186477635184,-19.1936960129116 15.9190106393252,-19.1943836134338 15.9201665997334,-19.196821799259 15.9206958004042,-19.198228592535 15.9213232834888,-19.1995726467594 15.9221152827639,-19.2011198369539 15.92267688308,-19.202307659184 15.9231394811373,-19.2034017902212 15.9234044433615,-19.2042146710195 15.9236028028651,-19.2047461179091 15.9236704767896,-19.2054028519639 15.9236740788504,-19.2066539367664 15.9230627971642,-19.2109084187445 15.922771917689,-19.2123788403416 15.9225767972336,-19.2130672530051 15.9224475619284,-19.2137242535034 15.9216767963386,-19.2196210509826 15.9215806777717,-19.2204656992758 15.9215493598026,-19.2209660993831 15.9217498817827,-19.2221544604437 15.9220173597431,-19.2238430427636 15.9223161613457,-19.224999899586 15.9224824789889,-19.2257816398533 15.922748162571,-19.2267821719588 15.9228162019919,-19.22756400133 15.9232525191051,-19.2308318984566 15.9239206824375,-19.2348970207465 15.9244887595171,-19.2382742702519 15.9249571235772,-19.2412762173137 15.925591079802,-19.2447940509485 15.9258276021686,-19.247076991101 15.9260601588896,-19.2480149703147 15.9264608415158,-19.2506948086153 15.9264626401421,-19.2514567503013 15.9266775596674,-19.2522688177089 15.9269349565699,-19.2529183480981 15.9295514411367,-19.2590082013767 15.930667081351,-19.2617282709428 15.9316110006998,-19.2641236172309 15.9320397561675,-19.2650573723843 15.932296801809,-19.2654226804552 15.9323824770745,-19.265666310579 15.9320127578048,-19.272000959675 15.9312657585942,-19.2812797836874 15.931272236771,-19.2841627524616 15.9312740425752,-19.2849749088951 15.9315317978707,-19.2857463028124 15.9333339605854,-19.290090240727 15.9409281620276,-19.3074860714681 15.9445335633422,-19.3159910723111 15.9447477625999,-19.3164376516433 15.9447484805245,-19.3166812800587 15.9445792826931,-19.3172498128135 15.9411416384576,-19.3257788392226 15.9408399572452,-19.3266361799156 15.9404630433988,-19.3277078990067 15.9402513613235,-19.3283983820606 15.9402524423414,-19.3288856429171 15.9400378827715,-19.3306023877083 15.9371038787211,-19.3302940523475 15.8506905572646,-19.2839532286948 15.7917729576257,-19.2837813301456 15.7618954826972,-19.2846209382859 15.6946078804604,-19.2722473774652 15.6281439571857,-19.2579917408057 15.5599160365648,-19.2455062188104 15.5504789977472,-19.2359514632134 15.5490807604224,-19.2363463795118 15.5248001964805,-19.2422658601173 15.510237840935,-19.2457280724306 15.4995296383928,-19.2449904299249 15.4994731178631,-19.2449865624991 15.4993831174521,-19.2449798971163 15.4532451573497,-19.2414635134735 15.4204783169635,-19.2389407173732 15.369625802383,-19.2478077028062 15.3607644011431,-19.2475434570871 15.3142578013295,-19.246030377047 15.3146167211732,-19.2388930220686 15.3155606374341,-19.2204024275074 15.3173523637587,-19.1914288209098 15.3173240486204,-19.1913970679792 15.3173394925426,-19.1913925732597 15.3171048322697,-19.1911294198195 15.3171975624205,-19.1906940627607 15.3172742380702,-19.1902188606726 15.3173264409708,-19.1893433392679 15.3173519963902,-19.1887861496074 15.3173772023151,-19.1881494882582 15.3173757611878,-19.1877515115259 15.3172900802626,-19.1873006993821 15.3172800570086,-19.1872794121158 15.3170654429379,-19.1868236123933 15.3170657457012,-19.1868153321102 15.3170906392472,-19.1861337603405 15.3170585983579,-19.1850859796581 15.3170262016631,-19.1839187721327 15.3170783975501,-19.1830962610275 15.3170762407109,-19.1825657079102 15.3170744364279,-19.1820616219041 15.3169333200346,-19.1816108998464 15.3168192017931,-19.1809744167568 15.3167605211127,-19.180231739474 15.3168408018703,-19.1793826777904 15.3168375606944,-19.1786133568985 15.3168623967831,-19.1778439503076 15.3168044381769,-19.1772339313982 15.3168026369209,-19.1768093968013 15.3167897848163,-19.1767761367147 15.3166899593639,-19.1765177975627 15.3166899468452,-19.1765148199866 15.3166888835396,-19.1762525723757 15.3167126374352,-19.1752178374211 15.316628010474,-19.174979187584 15.3165157217193,-19.174740749977 15.3163476017127,-19.1744492398767 15.3160959606361,-19.1742109171161 15.3160958601294,-19.1741867632661 15.3160945229808,-19.1738660412914 15.31612044101,-19.1733619483911 15.3160347604892,-19.1728050308264 15.3160055997516,-19.1724867013848 15.3161715632162,-19.1722608937881 15.3163933190854,-19.1719421088729 15.3165315628437,-19.1717296190392 15.3166975196298,-19.1714110235821 15.3168350380525,-19.1709863087254 15.3170006439858,-19.1706145189997 15.3173602779466,-19.17003024135 15.3181367992445,-19.1692063764787 15.3183855576045,-19.1687549426865 15.3184402809892,-19.1685160808063 15.3183833977926,-19.1681447410951 15.3183731083303,-19.1681253235698 15.318242999259,-19.1678797790587 15.318239309941,-19.1678608527591 15.3181861201425,-19.1675879973755 15.3181763750116,-19.1675677648287 15.3180457160617,-19.1672964890411 15.3178214381866,-19.1669785167228 15.3178241047637,-19.1669642959198 15.3178761567161,-19.1666866511737 15.3178747208217,-19.1663417676523 15.3178167570333,-19.1657847602351 15.3177591580761,-19.1653073069483 15.3176453998942,-19.1647239293883 15.3175600802465,-19.1642731203979 15.3173912408998,-19.1637958515332 15.3173340025454,-19.1634776087355 15.317472958532,-19.163424330376 15.3177515974902,-19.1634237893501 15.3182249974691,-19.163449440335 15.3188380805557,-19.1635013691047 15.3195346822959,-19.1636326763999 15.3203709629316,-19.1638167310596 15.3211510825374,-19.163921396738 15.3221263229276,-19.1640256215582 15.3229618814395,-19.1640240903276 15.3234629995092,-19.1639700029502 15.3241030787215,-19.1638627201345 15.3245203206201,-19.1637558013479 15.3250632026177,-19.1637281699077 15.3255646804369,-19.1637271814412 15.3267901205565,-19.163724841011 15.3279593979783,-19.1636960398048 15.3285440434226,-19.1636153128097 15.3293785203523,-19.1634014679585 15.3301845624745,-19.1629754094207 15.3309067165452,-19.1625229793087 15.3316850385827,-19.1621501127515 15.3322682413922,-19.1617510494108 15.3329349592937,-19.1613650422452 15.3334353587629,-19.161151829379 15.3339912019482,-19.1608854329771 15.3345473993623,-19.160645577984 15.335325722812,-19.1602991670741 15.3359927983005,-19.1600060430072 15.3365767230001,-19.1597395485657 15.3372711612912,-19.1593667700013 15.3384382827915,-19.1587277679493 15.3399805204169,-19.1579021985019 15.3405363574521,-19.157635801475 15.3411202788099,-19.1574224068302 15.3413982014391,-19.157262662581 15.3415922367629,-19.1570500764041 15.3418975226049,-19.1568106826514 15.3422308803619,-19.1566508395786 15.3426203979984,-19.1565439226475 15.3433429235721,-19.1561975975546 15.3443159997961,-19.1557711766274 15.3453437999658,-19.1552119229443 15.3459828002001,-19.1547862234924 15.3467334023552,-19.1544663608853 15.3476780422413,-19.1539868383268 15.3480672037384,-19.1537738130152 15.3484282790428,-19.1535874185571 15.3487346422234,-19.1535602431216 15.3489571213014,-19.1535597881647 15.3491799623725,-19.1535062413806 15.3495414029324,-19.153399407032 15.3497912384799,-19.1532396585806 15.3501253172341,-19.1531594687241 15.3505983593788,-19.153131930196 15.3507376823987,-19.1530785599561 15.3511552800526,-19.1530512022368 15.3515998761875,-19.152864540225 15.3522111631424,-19.1525183970221 15.352823156803,-19.1523579311227 15.3535460429136,-19.1521442683849 15.3542275209949,-19.1519306110402 15.3545331628569,-19.1517707703665 15.3550893565533,-19.1515839302602 15.3558684030021,-19.1513965523378 15.3565077629896,-19.1511299705274 15.35725836223,-19.1508895810656 15.3581482788654,-19.1505693603827 15.3594554392322,-19.150168680541 15.3606510005138,-19.1497284021872 15.3609012008501,-19.1496217493643 15.3613180804372,-19.1494617266575 15.3618184824051,-19.1493015273716 15.3623473170338,-19.1491677004606 15.3630705619835,-19.1490069594724 15.3637376417629,-19.1487668430253 15.3642941992841,-19.1486064630318 15.364962002578,-19.1484989074522 15.3661021217832,-19.1481781496353 15.3669927595419,-19.1480170522379 15.3681055234401,-19.1478024004468 15.3685227608509,-19.1476953912853 15.3691765236569,-19.147561292149 15.369761159358,-19.1474539224253 15.3701225984025,-19.1473735527314 15.3706507191789,-19.1471071497279 15.3718189233113,-19.1468127597441 15.3722919619663,-19.1467586703491 15.3727088390411,-19.1465189991793 15.3734875215421,-19.1463050684753 15.3742665572509,-19.1461441497468 15.3749617225607,-19.1459569497584 15.375880439619,-19.1459018685781 15.376520883128,-19.1459004318926 15.3776340007305,-19.1456857787778 15.3784969194523,-19.1456307904985 15.3795549576992,-19.1456284476682 15.3808905605998,-19.1453601588321 15.3818917211382,-19.1451191417288 15.3828377964696,-19.1449578619035 15.3839087988867,-19.1447167471975 15.3845485207795,-19.1445029964275 15.385688282011,-19.1440494877854 15.3867167981284,-19.1436492594446 15.3879958774157,-19.1432218491581 15.3886071600289,-19.1429286312509 15.389496720548,-19.1426347827997 15.3902473228469,-19.142341287876 15.3912207597097,-19.1421002702784 15.3928065569527,-19.1417252427384 15.3934462788998,-19.1415645904355 15.3940579173282,-19.1413774785075 15.3944751596617,-19.1412969281166 15.3950317175215,-19.1412161076526 15.3955879195633,-19.1410821874216 15.396395039925,-19.1409210872384 15.3972572432823,-19.140706892791 15.3984941986512,-19.1402795688687 15.3990507574956,-19.1401456471853 15.4004684380171,-19.1396647788012 15.401581203349,-19.1393703909564 15.4021935567526,-19.139368948452 15.4028624387911,-19.13944697888 15.4034477978602,-19.1395782029667 15.4039496411314,-19.139762696553 15.4044802830883,-19.1401328694089 15.4050386413305,-19.1404499378729 15.4058752825497,-19.1407131930485 15.4062381575897,-19.1408715918933 15.406990563759,-19.1410554584409 15.407409958568,-19.1413993485225 15.4079978378388,-19.1420611215479 15.408390958487,-19.1427765296956 15.4087829969836,-19.1433326394997 15.4092607224192,-19.1442865496502 15.4095710427716,-19.1451347081562 15.4097679609212,-19.1455852527774 15.4103000371503,-19.1462206489164 15.4106355604541,-19.1465647220093 15.4109717974806,-19.1469884376992 15.4111946362627,-19.1469613482085 15.4113886834151,-19.146801688257 15.4116658787717,-19.1465357362602 15.4122213628077,-19.146242608594 15.4129014013459,-19.1457634466603 15.4131231634929,-19.145550687607 15.4135393217864,-19.1451782687557 15.4140109219987,-19.1447792093236 15.4143989966804,-19.1443803283292 15.4150369204535,-19.1438748023787 15.415647839418,-19.1434488300073 15.4162018798888,-19.1428903814458 15.4167008437332,-19.1423585690933 15.4171987222087,-19.1416146280165 15.4175025589145,-19.1411098184504 15.4177225220538,-19.1404726184419 15.4180252789859,-19.1397555920223 15.4182171602361,-19.1390918414985 15.4184648425502,-19.1384545489977 15.4186005621486,-19.1376716426267 15.4186815591052,-19.1371143609572 15.4188748797706,-19.1367424789653 15.4190951963768,-19.1362644031426 15.4194238765214,-19.1350698327946 15.4196715612004,-19.1344059895735 15.419973959563,-19.1335562973336 15.4202201980391,-19.1326803295628 15.4204664401887,-19.1317246209246 15.4207990795657,-19.1313524687301 15.4212436819982,-19.131165628907 15.4216882826494,-19.1309788773351 15.4222167629848,-19.130844867841 15.4226620798118,-19.1308437922222 15.4233298828484,-19.1307095104544 15.4238864422137,-19.1306550581453 15.424637762373,-19.1305736969074 15.4256950769653,-19.1304118829463 15.4262235628771,-19.1303044171329 15.4266404423009,-19.1301442178699 15.4271404769759,-19.1299042811402 15.4280447970983,-19.129742821754 15.4285729177328,-19.1295557975981 15.4293796778666,-19.1293946122361 15.4300197577312,-19.1293665291861 15.4306040401393,-19.1292854428086 15.4309658387491,-19.1292049789531 15.4313553588224,-19.129124428398 15.4319389207293,-19.1289372276556 15.4325228407091,-19.1287501165317 15.4333296027088,-19.1285888383804 15.4339970393047,-19.1284280130924 15.4345532423617,-19.1282409003774 15.4350539999394,-19.1281866329965 15.4359162019426,-19.1279721609212 15.4365559192292,-19.1278114199247 15.4374181212677,-19.1276765992374 15.4378630770118,-19.1275163102604 15.4383912004989,-19.1273557491219 15.4392807577997,-19.1270617177056 15.4401976784395,-19.1266614031935 15.4416988806413,-19.1261535291727 15.4426301967205,-19.1258725469834 15.4433246399316,-19.1255259595657 15.4445756370819,-19.1250982771304 15.4449921597369,-19.1249114420951 15.4452697221173,-19.124725047297 15.4454353215452,-19.1244062712454 15.4456833587198,-19.1238750876215 15.4460710824492,-19.1234231069668 15.4465707624715,-19.1230768820205 15.4472921996649,-19.1226240918844 15.4478196025057,-19.1222778569587 15.4483747217023,-19.1218784410326 15.4493726380153,-19.1210003995015 15.4499551195417,-19.1205478779099 15.4505664035155,-19.1202544815953 15.4511499600709,-19.1200407292103 15.4515949195415,-19.1199068982432 15.4520395187257,-19.11972006176 15.4529294367273,-19.1195586019548 15.4545706784332,-19.1192094005556 15.4554879620314,-19.1189151873816 15.4559044795131,-19.1187017979153 15.4566964782159,-19.1183814025968 15.4570579178459,-19.1182742999862 15.457780443842,-19.1180070880983 15.4586422811829,-19.1177395202792 15.45967152034,-19.1175511522395 15.4609502372685,-19.1171232883829 15.4620345584527,-19.1168816378973 15.4630350019336,-19.1165075068959 15.4637859565291,-19.1162933088467 15.46464780062,-19.1160521990041 15.4654542008464,-19.1158378170534 15.4667332828682,-19.1155425267702 15.4678744769349,-19.11545991227 15.4685426429156,-19.1154581098549 15.4694059231002,-19.1155353325595 15.4702137635375,-19.1156392776468 15.4705197586684,-19.1155588197819 15.4709920807939,-19.1153187873935 15.4713805208049,-19.115052477269 15.4716854361239,-19.1147863522618 15.4720173633669,-19.1143610075927 15.4722938373436,-19.1139755380087 15.4722916816435,-19.1135510975676 15.4722895170328,-19.1131001091747 15.472259279971,-19.1125962020405 15.472202401473,-19.112357610159 15.4721927795279,-19.112334978828 15.4720897181914,-19.1120925625725 15.4718935222135,-19.1118543330909 15.4716138020603,-19.1115898229444 15.4713056362261,-19.1111927396855 15.4709981979817,-19.1109283218213 15.470746558021,-19.1106901806969 15.470466841635,-19.1104256699406 15.4702425566926,-19.1101345207385 15.4702408246504,-19.1101127261798 15.4702130379796,-19.1097631781185 15.4701824364398,-19.1092326297025 15.4704308405262,-19.1088075630277 15.4707638410121,-19.1085413424935 15.4716951574334,-19.1082735021792 15.4726120831025,-19.1079261874428 15.4733353203848,-19.1077915495026 15.4742252362913,-19.1076564613535 15.4749488362009,-19.1075483678192 15.4754488794168,-19.1073878124408 15.4759212006026,-19.1071477788766 15.4765879179919,-19.1069072069257 15.4773658794989,-19.1065867166312 15.4778662789249,-19.1064261572911 15.4787558439953,-19.1061584095854 15.4796450400485,-19.1058110971946 15.4803394788497,-19.1054907907407 15.4808946016823,-19.1051709278729 15.4815328801787,-19.1047977915008 15.4819486835398,-19.1044517390414 15.4825315225056,-19.1040521365573 15.4832536782461,-19.1037052783336 15.4839758434362,-19.1034379807778 15.4850875206297,-19.1030104808328 15.4861149632122,-19.1024769579864 15.486447598126,-19.1022372868248 15.4870167593896,-19.10190411126 15.4872943216903,-19.1017706422475 15.4876838435914,-19.1017165488351 15.4882670384072,-19.101449612005 15.4887670831544,-19.1011829400199 15.4891839592192,-19.1010491120516 15.4897390816158,-19.1007291580933 15.4904882400198,-19.1002761027524 15.4913209225544,-19.0997962238788 15.4924307991374,-19.099076760346 15.4930420800896,-19.0987832678313 15.4937084390127,-19.0984365006461 15.4945962031282,-19.0978768790327 15.4951516797239,-19.0975834800648 15.4955674803481,-19.0972374289604 15.4960664367253,-19.0968115489385 15.4965099586241,-19.0964919610681 15.4974816022994,-19.0959585265756 15.4982311180201,-19.0955319265761 15.4992758375719,-19.0950654612077 15.4993183168877,-19.0950438579941 15.4993420837525,-19.0950359377092 15.4994554770999,-19.0950085802059 15.4996585179948,-19.0949120073194 15.4999195212076,-19.0947741264052 15.5002093174696,-19.0945946725928 15.5005718396713,-19.0943462711442 15.5011226380496,-19.0938976185636 15.5016154766454,-19.0936216768731 15.502064760502,-19.0933733728248 15.5026591232753,-19.093042260858 15.5032534771485,-19.0927664107453 15.5040217227352,-19.0925045129486 15.5047608010264,-19.0922426983764 15.5053551625589,-19.0921741178808 15.506116203717,-19.0920365982497 15.5074060786805,-19.0915127091799 15.5080731632008,-19.091333609885 15.5086671577329,-19.0911407411729 15.5094353987424,-19.0909479608649 15.509870276243,-19.0909068314283 15.5101024765934,-19.090810352119 15.5104938025018,-19.0906586973924 15.5111605219354,-19.0904243401395 15.5121170393781,-19.0901211305878 15.5128852795985,-19.089914582954 15.5136607228044,-19.0897079374731 15.5137769983651,-19.089680401652 15.5141827182235,-19.0895563803655 15.5146464022354,-19.0893909568718 15.515356680832,-19.0891980891265 15.5160961211892,-19.0889499615436 15.5174731219354,-19.0885504519032 15.5185747218297,-19.0882611923856 15.5190527997268,-19.0881233986235 15.5193861593363,-19.0879370970436 15.5194876786537,-19.087854208871 15.5198358031645,-19.0877301931611 15.5203282774941,-19.0875371370254 15.5209805964769,-19.0874270733746 15.5213067617326,-19.0873583090576 15.5215969233735,-19.0873032271611 15.5220462019598,-19.0871239504848 15.5225242808485,-19.0869861608813 15.522872403647,-19.0869173972602 15.523307281769,-19.0868071497354 15.5238145203571,-19.0866417278235 15.5245248002886,-19.086462719373 15.5254521627979,-19.0861317886642 15.5278583965937,-19.0853598570777 15.5284091995766,-19.0852359316317 15.5289672030407,-19.0851948928626 15.5293293632645,-19.0851952466248 15.5298657607312,-19.0851127201729 15.5304309582259,-19.0849473912692 15.5310976783369,-19.0846714528509 15.5317791623851,-19.0844509492127 15.5326921165739,-19.0842166776519 15.5336198410725,-19.0839410131018 15.5351415608534,-19.0835137816317 15.5366708433768,-19.083058919643 15.537178079441,-19.0828796382224 15.5375982014122,-19.0827279873777 15.5383955975832,-19.0824106517607 15.5389316388427,-19.082176108582 15.5393665229117,-19.0819415731151 15.5399461232555,-19.0815757173723 15.5403082767373,-19.0814101164625 15.5407431610509,-19.0812032071885 15.5414969976657,-19.0808858700778 15.5424387582636,-19.0805548463282 15.5433085178434,-19.0802376901557 15.5442430771931,-19.0799205311911 15.5450113219619,-19.0797275687324 15.5455333180834,-19.0795621529526 15.546475082139,-19.079162007965 15.5471853581279,-19.0787893196612 15.5479532365496,-19.0784997014498 15.5488809593243,-19.0780304423631 15.5504894412028,-19.0775340898438 15.5522793571826,-19.0769548510952 15.5529025210394,-19.0767894303106 15.5533953625494,-19.0765547997627 15.5539170020301,-19.0763202618514 15.554728441385,-19.0760581790875 15.5554531192961,-19.0757684720332 15.5562645624438,-19.0754787595881 15.5572210811419,-19.0751892304931 15.5582359217185,-19.074968730293 15.5593879189958,-19.0748313034245 15.5596345180864,-19.0748038472798 15.560184957919,-19.0747074629329 15.5607649191349,-19.0746110671242 15.5614460404739,-19.0745286271032 15.5623302011927,-19.074390927562 15.5633158831368,-19.0743225305965 15.56392464266,-19.0743090311398 15.5646928813961,-19.0743233409288 15.5655478778298,-19.0744344881962 15.5663884782054,-19.0745041523518 15.5671063209203,-19.0746289829203 15.5673669599244,-19.0746567878426 15.5678165996893,-19.0747538079889 15.5682079209081,-19.074878366302 15.5687878827512,-19.0750308288704 15.5696284795141,-19.0751142582277 15.5712808797093,-19.0752948898136 15.5722665629652,-19.0754751585146 15.5734552776788,-19.0755311408198 15.5748686389625,-19.0756978225394 15.575883120021,-19.0758504588896 15.5767384773215,-19.0759476615478 15.5776805984506,-19.0760310887892 15.5785067995012,-19.0761145179253 15.5800432788156,-19.0762259365337 15.5815509572893,-19.0763097327925 15.5823264020302,-19.0764759590497 15.5829351611294,-19.0764900877455 15.5836602019959,-19.0765734326161 15.5863997993847,-19.0769618679579 15.5871536420093,-19.0770728434661 15.5874290423763,-19.0769761801947 15.5877040791164,-19.0766861080532 15.5881965605382,-19.0763131476071 15.5888629173769,-19.0755879315256 15.5899569613055,-19.0748698200538 15.5903623175605,-19.0745797493087 15.5908983633223,-19.0741792516431 15.5919416386868,-19.0732952714308 15.5931580796056,-19.0722040227485 15.5944040413531,-19.0711127696715 15.594998040095,-19.0705878026523 15.5958814830336,-19.0697175912814 15.5969967569975,-19.0687091406834 15.5976703174993,-19.0682326778599 15.6023053211577,-19.0642681768785 15.6025659636133,-19.0639780183211 15.6025450594648,-19.0639507182416 15.6025530925114,-19.0639417734147 15.6023234133601,-19.0636418031935 15.6019284932154,-19.0631285326087 15.6017128525444,-19.0628548434174 15.6014259332705,-19.0626836628024 15.6011746528064,-19.0625466829909 15.6009233730452,-19.0623413929727 15.6006720929363,-19.0620676130185 15.6002055329849,-19.0615885431348 15.5998822524527,-19.0610410729901 15.5994153326358,-19.0604593134332 15.5987331332833,-19.0595012630614 15.5981229329636,-19.0586800133323 15.5975483732437,-19.0577390633393 15.5971534525169,-19.0573284834137 15.5967585332563,-19.0568494131789 15.5962559732522,-19.0564044531618 15.5958250525643,-19.0558569825936 15.5955381327289,-19.0555832034445 15.5952864928726,-19.0551383326863 15.5949995728722,-19.0547619526099 15.594712292898,-19.0545565733192 15.5941740930693,-19.0540774131236 15.5937071727353,-19.0535983431338 15.5930253332889,-19.0530164930179 15.5923434926688,-19.0524004432763 15.5914283730113,-19.0517843025698 15.5909618124412,-19.0513735433252 15.5902799731167,-19.0509627834423 15.589741772645,-19.0506546233301 15.5892035732757,-19.0503464626619 15.5887370130892,-19.0501409931428 15.5881271729417,-19.0500381229651 15.5872307731767,-19.0500376734008 15.5863340125905,-19.0500371327192 15.5852219725684,-19.0502075929272 15.5846841331523,-19.0503099230333 15.5836797333178,-19.0504462730512 15.5823527729112,-19.0505481529697 15.5818149330286,-19.0505820828184 15.5812410926976,-19.0506159231069 15.5807028928154,-19.0506156533307 15.5802366933017,-19.0507179828477 15.5797344928763,-19.0508546034081 15.5790533733561,-19.0510936432745 15.5785511730185,-19.0512643727618 15.5781926127472,-19.0512299930507 15.5777980532142,-19.0511955230986 15.5769012932889,-19.0510923826643 15.5763987328437,-19.0508526228951 15.5758605330418,-19.050612952614 15.5751434127239,-19.0505099029343 15.5746052128414,-19.0504069427043 15.5738520924971,-19.0504064931484 15.5727040527331,-19.0503715733086 15.5720045725494,-19.0504396127346 15.5715383730197,-19.0504393431532 15.5711078131891,-19.0503706732597 15.5707132529063,-19.0501994027099 15.5703903327286,-19.0499939328537 15.5699597729825,-19.0497200634552 15.5694215727868,-19.0493092127054 15.5688473732961,-19.0488299627226 15.5683091726823,-19.0483165133044 15.5675913326603,-19.0477687729258 15.5670891329427,-19.0472896133883 15.5663356532677,-19.0467759831158 15.5656538133076,-19.0462283330193 15.5651516131479,-19.0458858827935 15.5645057730404,-19.0455434334141 15.5641108532339,-19.0453379634317 15.5637162930366,-19.0452350928347 15.5633217325176,-19.0451664229492 15.5627122529377,-19.0450975728883 15.5621380527976,-19.0450630129043 15.5617434928222,-19.0449601427096 15.5612056524932,-19.0448913834536 15.5606674525175,-19.0447541328535 15.5600936127657,-19.0445827733636 15.5596270527837,-19.0445140128298 15.5589455733521,-19.0442741629981 15.5582280926259,-19.0439658226376 15.5575106129081,-19.0436232826871 15.5569364126842,-19.043212342667 15.5563625726005,-19.0428014932373 15.5558960130724,-19.0425446328131 15.5556450927901,-19.0423392531717 15.5553221733352,-19.0420653829304 15.5547839728707,-19.0416887329386 15.5545326924978,-19.0413806625953 15.5540481331687,-19.0410040133319 15.5538328531024,-19.0407302331352 15.5536535732283,-19.0404564529355 15.5534379324895,-19.040080073353 15.553294653308,-19.0398746932607 15.5530790131151,-19.0394983133316 15.5528997328494,-19.0392245334145 15.5526484527533,-19.0389506631773 15.5525048131511,-19.0386084830696 15.5523255325059,-19.038403102815 15.5520026129364,-19.0380950332186 15.551464413121,-19.037684183098 15.5510338525585,-19.0372734229117 15.5507825731922,-19.0370337527477 15.5505672929594,-19.0366915727461 15.5503520126688,-19.0362125029089 15.5501739221233,-19.0359749879919 15.5499699619536,-19.0353591025938 15.5499680964047,-19.0353560785695 15.5496110403219,-19.034777341344 15.5493237604244,-19.0342297818675 15.5490008387237,-19.0338533084801 15.5487855574924,-19.0335453290359 15.5485342828451,-19.0332714630063 15.5482117171152,-19.0329975926808 15.5479244370314,-19.0327237183664 15.5474938821799,-19.0323813619171 15.5472785987278,-19.0320732924142 15.5469556767072,-19.031765221351 15.5466327578929,-19.0314228581115 15.5461305603031,-19.0309436109746 15.5456999999794,-19.0305670484454 15.5452694412456,-19.0303956887091 15.5448748789792,-19.0301559315771 15.5443370406346,-19.0297792770018 15.5438704824884,-19.0293684296731 15.5434399171484,-19.0289918686312 15.5431889980584,-19.0287179989164 15.5429377228915,-19.0282389279541 15.5429315731317,-19.0282154881789 15.5427940810062,-19.0276914612749 15.5428297180799,-19.0273665595198 15.5427577214405,-19.0270586726466 15.5427507301773,-19.0270475581507 15.5425424409736,-19.0267164024646 15.5422195179897,-19.0261346383446 15.5419325992316,-19.0258607712779 15.5412867633964,-19.025141942244 15.5406049177412,-19.0244573108328 15.5400670805222,-19.0238411691343 15.5397081601212,-19.0233278112436 15.5391699622824,-19.0226089800784 15.5385241177625,-19.0217533508029 15.5375913607091,-19.0205553582065 15.5362636779118,-19.0186729185763 15.5352772770865,-19.0175775329616 15.5311873196416,-19.0119472173237 15.5296803611665,-19.0098935077107 15.5268824398879,-19.0061284469635 15.5226420017709,-19.0007280892259 15.522374518881,-19.0004802274807 15.522199920419,-19.0002046522751 15.5218802421489,-18.9998188184927 15.521560202284,-18.999322739685 15.5210079574872,-18.9986889620407 15.5205421184504,-18.9977516995626 15.5200175976247,-18.9965938492224 15.5196676808906,-18.9958219178448 15.5194347565983,-18.9953532893896 15.5190553208791,-18.9943470033992 15.5190502823766,-18.99433151799 15.5189386831182,-18.993988528055 15.5187338368719,-18.9932440522431 15.5184706768319,-18.9922514380633 15.5182654831696,-18.9914517899468 15.5179148376943,-18.9902937592984 15.5176804825641,-18.9892735185389 15.5175048003394,-18.9885565816738 15.5174970623314,-18.9885412687886 15.5171844024903,-18.9879225268607 15.5171756200309,-18.987894362545 15.517171533116,-18.9878862825714 15.5168792124907,-18.9869488432883 15.5166448525632,-18.9859010629931 15.5164979731835,-18.9851288628696 15.5164695330245,-18.9848401629987 15.5164680929731,-18.9848255625805 15.5162643330244,-18.9844396430322 15.5160026125408,-18.9840813525785 15.5155385728769,-18.9838887530894 15.5149586129453,-18.9835307330986 15.5136827729488,-18.983035643025 15.5135894591872,-18.9829471681957 15.5136949176347,-18.982796040789 15.5138680780581,-18.982602810176 15.5140120780776,-18.9823544110262 15.5143583980819,-18.9818162094776 15.5145603591857,-18.9815954431282 15.5149070385218,-18.9812365229543 15.5153120385207,-18.9809878498495 15.5157462035422,-18.9808770605933 15.516093603006,-18.9808215270226 15.5162959187831,-18.9806558411228 15.5167869618322,-18.9801864910744 15.517162076833,-18.979606892401 15.5174507980708,-18.9792480598537 15.5179418365069,-18.9787235379064 15.5198779174902,-18.9770942665035 15.5223633614045,-18.9751609808994 15.5242709998257,-18.9736971304474 15.5274803992609,-18.9716251462673 15.5283476365064,-18.971100180521 15.5288689215783,-18.9709893008893 15.5291288372244,-18.9707407210001 15.529707000634,-18.9702988221987 15.5298509977269,-18.9700228823181 15.5299514381931,-18.9697883422012 15.530470921503,-18.9690982188937 15.530846401698,-18.9687392115095 15.5311635627797,-18.9682148726371 15.5317410005914,-18.9674695816823 15.5327806795701,-18.9665030722894 15.5332144764794,-18.9661992301749 15.5338214410222,-18.965729612268 15.5341972829477,-18.9655085672623 15.5347469985351,-18.9652873504794 15.5352675592053,-18.9650384982014 15.5359331972323,-18.964872269156 15.5366855985487,-18.9646507774942 15.537495238738,-18.9642636899604 15.5378998787253,-18.9639874814345 15.5383912815667,-18.9635455830599 15.538882322908,-18.9631589385565 15.5394885611596,-18.9624135580749 15.5399497165477,-18.9616958994294 15.5407571996892,-18.9603986393191 15.5415920380755,-18.9586876506472 15.5425143576304,-18.9570731397005 15.5439986388893,-18.9546166830512 15.5443737566267,-18.9541473295229 15.5448064831112,-18.9535124716323 15.5453547613301,-18.9528223469321 15.545787479825,-18.9522426623862 15.546596399795,-18.9515521772773 15.5473185601541,-18.9509721321444 15.5481857963831,-18.9503918987207 15.5492560772896,-18.9500044498722 15.5508469220147,-18.9492578089388 15.5519452825427,-18.9485669682164 15.5524942808251,-18.9481802403087 15.5531012432767,-18.9477657899737 15.5539961980637,-18.9467993703691 15.5547180024653,-18.9460261781468 15.555266640054,-18.9454738466499 15.5556125984846,-18.9449908174514 15.55604567765,-18.944521378722 15.5565651596667,-18.9439415097357 15.5570842793816,-18.9431410522629 15.557487842625,-18.9425338175685 15.5579205589419,-18.9419815785458 15.5584976407295,-18.9412362006046 15.5591899220078,-18.9403527630415 15.5596507179882,-18.9395247579719 15.5598807632036,-18.9389452491323 15.5601388800169,-18.9381450582703 15.5602810827155,-18.937262337196 15.5604517217656,-18.936131312967 15.5607030003971,-18.9329729413055 15.5617369226971,-18.9202706082938 15.5625677966517,-18.9074030401015 15.5632748406765,-18.8919153913612 15.5635686032831,-18.8835717605512 15.5635554379262,-18.8835439552232 15.563265840323,-18.8829323121897 15.5631898784108,-18.8827723831375 15.5621995196592,-18.8806499125191 15.560363877902,-18.8765425799399 15.5581200009502,-18.871429047566 15.5566929570736,-18.8683416882262 15.5548285166054,-18.8642895271455 15.5525853633069,-18.8592311724507 15.5518862408025,-18.8576322295185 15.5504876394954,-18.8544068974475 15.5485947573308,-18.8503547393309 15.5470075193013,-18.8468675992482 15.5462788824123,-18.8450756123561 15.5443860028816,-18.8409130184283 15.5431627217288,-18.8381011478155 15.5416478427287,-18.8345034888564 15.5408903981943,-18.8327943902992 15.5399875208828,-18.8306440193972 15.5387642381847,-18.8279148570725 15.5377159190072,-18.8255439922382 15.536375636566,-18.8222495390263 15.5357643601071,-18.820898729345 15.5350364389116,-18.8192722515792 15.5340460821511,-18.8168737482525 15.5335219221665,-18.8157158974016 15.5330564391234,-18.8148338070044 15.5321395206039,-18.8127937808119 15.5308582801412,-18.8098853393607 15.5299849219934,-18.8078728518186 15.5279170773329,-18.8029655075424 15.5255587183256,-18.797548229065 15.5226186024457,-18.7908765313273 15.5220069580855,-18.7894153774688 15.5202897601986,-18.7855419588405 15.5197076417229,-18.7841910628819 15.5186888403913,-18.7818751796446 15.5181938400291,-18.7806896968193 15.5177578787182,-18.7798626912673 15.5172772764639,-18.7787599208401 15.5166667175261,-18.7775745282888 15.5148325168972,-18.7731770412209 15.5114845189454,-18.7650989091152 15.507236161985,-18.7554356107324 15.5067422421512,-18.7544982566942 15.5067376333479,-18.7544776841591 15.5066248823322,-18.7539743714044 15.505598517252,-18.7507844082696 15.5055898790142,-18.7507563314659 15.5055780024654,-18.7507229406376 15.5023898415086,-18.740032738831 15.5093194809818,-18.7264108767366 15.5100895177639,-18.7249267800464 15.510335756622,-18.7242212721622 15.5105204403979,-18.7236333907144 15.5110438790757,-18.7227224090158 15.5114751577831,-18.7219877409287 15.5117829610278,-18.7211941228881 15.512398919877,-18.7199597676415 15.5128301977817,-18.7191956712732 15.5133846012316,-18.71816706308 15.5137539637103,-18.7174616379295 15.513938640492,-18.7170208199716 15.5145085181146,-18.7159333507834 15.5150319564786,-18.7150517091016 15.5154013227902,-18.7141994115725 15.5160788431111,-18.71290628661 15.5166022791551,-18.7117893872291 15.5203585180925,-18.7040743198406 15.5229757176795,-18.6989016609651 15.5255925586791,-18.6937141514069 15.5262697202738,-18.6922446322217 15.5272240779007,-18.6907457710802 15.5282706024385,-18.6886884593178 15.5289481208118,-18.6874246768425 15.5295327611463,-18.6864254120944 15.5299946382362,-18.685778942081 15.5307182364882,-18.6844416306207 15.5315494785636,-18.6831779387444 15.5318878784227,-18.682119717275 15.5323803627714,-18.6814732517018 15.5327806767729,-18.6807384913758 15.5332115968101,-18.6798860977862 15.5336425172217,-18.6791513403406 15.5341040431319,-18.678152071511 15.5345659222177,-18.6775055114246 15.5348737184913,-18.6768000877057 15.5357665203607,-18.6754481995983 15.536504883255,-18.6740374489446 15.5369358017263,-18.6731850575986 15.5373361177585,-18.6724797299035 15.5382901227712,-18.6704663418953 15.5391825598055,-18.668849846465 15.5402290821976,-18.6671158190122 15.5412756038607,-18.6649702188462 15.5419833573765,-18.6638239792697 15.5429373626332,-18.6620605182549 15.5439529178849,-18.6600912293542 15.5445991207792,-18.6588714630146 15.5450915979657,-18.6577251288927 15.5455840791397,-18.6569610293814 15.5461687206224,-18.6559029031848 15.5466763180905,-18.6550211685471 15.560689680579,-18.6595564470409 15.5668341567559,-18.6613528466877 15.5466000014707,-18.5008458580688 15.5465920836496,-18.5007942007201 15.546580920782,-18.5007085202832 15.5127333573919,-18.250732800483 15.5127254392291,-18.2506948194543 15.5127034778875,-18.2505276871866 15.5088817218098,-18.2213258425033 15.5087672380169,-18.2204515816675 15.506949239367,-18.2065622411591 15.5021630391841,-18.1699918191221 15.4996279167013,-18.15062300814 15.4993341586453,-18.1485579570342 15.4991664001369,-18.1470134685129 15.4991550640722,-18.1469913103756 15.4991535328634,-18.1469772232846 15.4988799328688,-18.1464424432999 15.4988561727818,-18.1464225528793 15.4986524130399,-18.1462513728424 15.4983125733111,-18.1459692227747 15.497886692911,-18.1454040232607 15.4973337325491,-18.1448392729217 15.4968646529612,-18.1440717531903 15.4964369732695,-18.1431825531699 15.4958829329696,-18.1423748934082 15.495369933306,-18.1413645526623 15.494604212509,-18.140517202862 15.4937952926115,-18.1395080326841 15.4926497729925,-18.1387432133463 15.4906128925101,-18.1373339029971 15.4895519725655,-18.1366496331743 15.4878999326584,-18.1360082034515 15.4871363730028,-18.1355657633053 15.4854209730082,-18.134965012853 15.4843204525878,-18.1347263327552 15.4834722928566,-18.1342032531919 15.4829200527615,-18.1337599132739 15.4822817733282,-18.1329930231284 15.4816010124243,-18.1321857232941 15.4807534063627,-18.1307213554014 15.4805878798883,-18.1301000397086 15.4805824390814,-18.130091667161 15.4802466014684,-18.1295748876012 15.479822161282,-18.1292120991805 15.4790596778748,-18.1289720735203 15.4785110425343,-18.1290957294839 15.4779213607974,-18.1295028863105 15.4771628404107,-18.1299512669128 15.4762758027288,-18.1301166917492 15.4754305237644,-18.1301199301961 15.4746691227696,-18.1300823070788 15.4740337193448,-18.1298013333169 15.4736510366135,-18.1293978573089 15.4732662023785,-18.1286298931086 15.4729238408859,-18.1278213271607 15.4729196269503,-18.1278055188287 15.4727081975181,-18.1270123216164 15.4723643978985,-18.1260012565287 15.4719766772877,-18.1246664681188 15.4719722838227,-18.124659388968 15.4715504400586,-18.1239796766491 15.4703188804148,-18.1229315367201 15.4695110434609,-18.1220841905878 15.4688734812759,-18.121438708438 15.467981401093,-18.1206322219797 15.4669636771445,-18.1200286773443 15.4663272024697,-18.1195451994598 15.4658581208639,-18.118777591215 15.4655164768721,-18.1181714385546 15.4655156589734,-18.1181565703211 15.4655036126593,-18.1181351934017 15.4654568133458,-18.1172849631538 15.4656206127784,-18.1162720127686 15.4656998130461,-18.1152998329632 15.4656944132209,-18.1142470128472 15.4654806781171,-18.1132112186483 15.4648274424707,-18.1118367008173 15.4641898832425,-18.1111507216579 15.4636797625571,-18.1106261998543 15.4627466403713,-18.1100223009183 15.4618988429777,-18.1095396281626 15.4606701608054,-18.1090583114792 15.4595703620938,-18.1089004497749 15.4580486432174,-18.1088656213168 15.4564869573543,-18.1093372166114 15.4558972787237,-18.1097443773093 15.4553929203481,-18.1102321815324 15.4547211611867,-18.1111255204856 15.4543878001612,-18.1120176918526 15.4543067988929,-18.1127468722433 15.4543129198371,-18.1138401892255 15.454530003511,-18.1149731980294 15.4546613963462,-18.115823071007 15.4545821960254,-18.1168762505277 15.4546308019454,-18.1180503925524 15.4547658008031,-18.1195886715182 15.4550246424805,-18.1206000903479 15.4549850372348,-18.1210861797957 15.454648080377,-18.1212898479879 15.4542675611465,-18.1212912917253 15.4537592391954,-18.1210907703238 15.4532073622515,-18.1206473407366 15.4525615183164,-18.1201345188828 15.4525550424912,-18.1201087818864 15.4518904774802,-18.1194778782435 15.4510833595634,-18.1187115297285 15.4502337631714,-18.1179047722462 15.4494691206114,-18.1172192384758 15.4484074818564,-18.1162512895962 15.4473465589255,-18.1154858401459 15.4467525597993,-18.1150830880008 15.4460300429472,-18.1142758817379 15.4450108797064,-18.1134292472328 15.4440774015427,-18.1127442575047 15.4432688416135,-18.111694320247 15.4423130389842,-18.1107867623698 15.4419307185479,-18.1104237028344 15.4413784803596,-18.1099397705222 15.4409526011954,-18.1092934827463 15.4405263588729,-18.1086065978239 15.4398869967598,-18.10759652735 15.4390352375876,-18.1063848633336 15.4382695191977,-18.10541574043 15.4375056038134,-18.1048111166916 15.4365314427698,-18.1044097183541 15.435643677712,-18.104453458161 15.4344182429702,-18.1044983715752 15.4334041184686,-18.1045425604561 15.4322189965735,-18.1042228819533 15.4312862415598,-18.1036998017607 15.4299301161479,-18.1030163365372 15.4289955616025,-18.102088352676 15.4281034789227,-18.1012006776062 15.4270011592599,-18.1005972312629 15.4251385190905,-18.1000369786389 15.4230231612823,-18.0995990408534 15.4212465568591,-18.0993624335655 15.4200009561116,-18.0996503404954 15.4194116365294,-18.1000978170906 15.4187827217469,-18.1010718908478 15.4183237190449,-18.1022884182983 15.4177372827885,-18.1033433077708 15.4169791211955,-18.1038724173642 15.4155114010257,-18.1040835612139 15.4147679965054,-18.103865400209 15.4142226030996,-18.1036572283212 15.4135782030999,-18.1032110975192 15.4126267214497,-18.1022891374648 15.411922559602,-18.1015356608196 15.4119187366822,-18.1015090911816 15.4117342823222,-18.1002269674465 15.411427201712,-18.0987696887564 15.4114178039293,-18.0987499032616 15.4106737207145,-18.0971834374223 15.4096624791226,-18.0957855625794 15.4084334419079,-18.0939205782261 15.4076670033677,-18.0927893691505 15.4066892397425,-18.0916993776849 15.4048658379525,-18.0905314515529 15.403384798784,-18.0901720784613 15.4019480388741,-18.0901770289619 15.4009357182976,-18.0905855412833 15.4000656029189,-18.0914630385791 15.3986183977474,-18.0915523213119 15.3976863633783,-18.0915820168264 15.3964868404159,-18.0909079185926 15.3953164777244,-18.0910503023483 15.3947077199539,-18.0918420304462 15.3939934790285,-18.0927757793848 15.3938595612317,-18.0941200182517 15.3929671217681,-18.0945463532018 15.3921247172073,-18.0945264581053 15.3911628032446,-18.0943380902417 15.3902408390359,-18.0940704265347 15.3885852023834,-18.0930978926378 15.3872172009631,-18.0924346802788 15.3850233625268,-18.0907207220609 15.3837500411866,-18.0896721321337 15.3828986382866,-18.0883791920596 15.3820818019651,-18.0866746807253 15.3806443186843,-18.0856039498955 15.3793357207879,-18.0847909808919 15.37768979763,-18.085296597556 15.376222798614,-18.085475067271 15.3749339994551,-18.0849000633004 15.3739522782062,-18.0843647374693 15.3730897175814,-18.0845134196154 15.3725904021184,-18.0849310166939 15.3720863995405,-18.0855805528518 15.3715816807702,-18.0861491728795 15.3708692402489,-18.0860004898625 15.3697885183893,-18.0854651671601 15.3686383188769,-18.0848901583102 15.3678157177446,-18.0849297626594 15.3671457607594,-18.085693138374 15.3660707981442,-18.0864764074851 15.3650894384537,-18.0863375419427 15.364445043432,-18.0856832380383 15.3639295217398,-18.0846225007942 15.3629280005826,-18.0840672872156 15.3618771579997,-18.0843250463087 15.3600429584105,-18.0841069785459 15.3595472387995,-18.0831254393308 15.3595427997821,-18.083105880865 15.3593492380514,-18.0822530717256 15.3594284418477,-18.0806767172789 15.3594152767034,-18.0806464215186 15.3589028433005,-18.0794672070911 15.3578818774629,-18.0785948381802 15.3570391174503,-18.0786245374998 15.3566740800806,-18.0796828475131 15.3563155181689,-18.0803495727466 15.3557107187196,-18.081380607981 15.3553240810886,-18.0817275610525 15.3546400798507,-18.0822827702231 15.3539164819432,-18.0820844970837 15.3533005181442,-18.0812681989912 15.3532976941178,-18.0812452627285 15.3531629980131,-18.0801512984133 15.353153741054,-18.0801443578693 15.3520523996373,-18.079318528061 15.3510908432273,-18.0790706692622 15.3499705182386,-18.0791995520357 15.3492818413949,-18.0786556800543 15.3484635563448,-18.0780098394048 15.3470638793131,-18.0768530721898 15.3458564386296,-18.0760568420661 15.3447541223456,-18.0763550109472 15.3439527560714,-18.0772266629215 15.3427532423292,-18.0777917699394 15.3416329211451,-18.0778413596759 15.3408031200675,-18.0774414026676 15.3398484018386,-18.0764136870973 15.338976117713,-18.0760072510977 15.3383119194599,-18.0759378576363 15.3370526392475,-18.0758387664991 15.3358182019535,-18.0758144710131 15.3350697601321,-18.0751050908835 15.3339894023227,-18.0742921179056 15.3329072414589,-18.0736757084303 15.3309880831391,-18.0720391503946 15.3303246030069,-18.0711567901361 15.3297658829243,-18.07005887729 15.3292208390352,-18.0691468212874 15.3283993212439,-18.0681936296127 15.3276688814144,-18.0670587293165 15.3272692824113,-18.0661123765349 15.3266702377172,-18.0649139390415 15.3266576460196,-18.0648782436193 15.3266574437136,-18.0648776701515 15.3262695606819,-18.0637780478655 15.3262566929476,-18.063741802704 15.3260453728213,-18.0628684429509 15.325920812599,-18.0623531026586 15.3255923984832,-18.0612387049273 15.3250660772409,-18.060054660642 15.3244681233301,-18.059045672976 15.3237391199273,-18.0581634897986 15.3228121215348,-18.0572819373844 15.3219520828622,-18.0565896591336 15.3213570003955,-18.0562123776048 15.3207608409218,-18.055582466952 15.3202305624322,-18.0548892030409 15.3196995581608,-18.0541327513741 15.3193669182179,-18.0534388469235 15.3186721166713,-18.0526797922609 15.3180277212271,-18.052055189126 15.3174725966599,-18.0515198677291 15.3170960413081,-18.0509051715387 15.3165186004914,-18.0503520297121 15.3154501177653,-18.0496361663737 15.314191199975,-18.0499435189405 15.3134895638786,-18.051119191023 15.3127040419607,-18.0523217699587 15.3117817219874,-18.0524509195498 15.3107261982175,-18.0523277109709 15.310065600921,-18.0520137894169 15.309469800454,-18.0513838778811 15.30900575919,-18.0508167027561 15.3082116006244,-18.0501241471989 15.3073501219238,-18.0491159718966 15.3062920829452,-18.048361046793 15.3053020762099,-18.0480480330761 15.304356718996,-18.0484167596036 15.3036327592957,-18.0488232924498 15.3028695589185,-18.0494181032053 15.3020069998923,-18.0490810518949 15.3013921223714,-18.0485456375614 15.3006188429405,-18.0479310302324 15.2994139196848,-18.0472260625292 15.298208998999,-18.0465211774106 15.2974144783306,-18.0457653581899 15.2963567985562,-18.0450104412963 15.2955640766343,-18.0446968772188 15.2944426768827,-18.0445105792344 15.2937169163732,-18.0443232029566 15.2923968012181,-18.0439479036122 15.2912084397018,-18.0435091501611 15.2897565586668,-18.0430711186141 15.2881034430444,-18.0418755570227 15.2871951570174,-18.0412497003645 15.2862436796946,-18.0401485486541 15.2844692430501,-18.0389489415826 15.2819532015894,-18.0372183290525 15.2797683569393,-18.0350134168663 15.2784813604513,-18.0329212790895 15.2784874766034,-18.0329158928477 15.293044802845,-18.0200926814353 15.3149223572321,-18.0008481587406 15.3149637633498,-18.0008083814257 15.315916679832,-17.9998894816332 15.3361678083122,-17.9803610326572 15.3361741619119,-17.9803549048144 15.3361810831492,-17.9803482299908 15.3361867147941,-17.9803428004438 15.336195303705,-17.9803345186964 15.3375645624361,-17.9790142499715 15.3573595218437,-17.9599257910523 15.3861713998013,-17.9321457592948 15.3881733590422,-17.9327158230541 15.3896684396265,-17.9328102279207</coordinates></LinearRing></outerBoundaryIs></Polygon></MultiGeometry>
  </Placemark>
</Folder>
</Document></kml>
